runnum,run_type,target,phase,xbj,q2,ebeam,ibeam_1,ibeam_2,ibeam_4a,ibeam_4c,qbeam_1,qbeam_2,qbeam_4a,qbeam_4c,hms_p,hms_th,hms_th_rad,ps3,ps4,trackeff,nu,boil_corr,epsilon,weight,3of4_rate,3of4_counts,elclean_rate,elclean_counts
23853,HMSDIS,LH2,I,0.2994724050124313,2.2945927662044525,8.5831,47.424,47.519,-0.0,47.26,22794.157,22839.369,-999.0,22716.862,-4.5,14.0,0.24434609527920614,17.0,-1.0,0.999,4.0831,1.023096,0.1089370149932211,17.417183087107755,,47.601,28.58,13736824.0
23855,HMSDIS,LH2,I,0.2994724050124313,2.2945927662044525,8.5831,32.225,32.241,-0.0,32.01,17960.367,17969.184,-999.0,17840.346,-4.5,14.0,0.24434609527920614,-1.0,9.0,0.9992,4.0831,1.013804,0.1089370149932211,9.13154123298639,,32.445,19.517,10877479.0
23857,HMSDIS,LH2,I,0.2994724050124313,2.2945927662044525,8.5831,39.762,39.758,4.259,39.4,31050.512,31046.851,3325.491,30772.876,-4.5,14.0,0.24434609527920614,17.0,-1.0,0.9991,4.0831,1.018787,0.1089370149932211,17.334980482434194,,39.974,23.989,18733230.0
23858,HMSDIS,LH2,I,0.2994724050124313,2.2945927662044525,8.5831,41.343,41.332,-0.0,40.88,40064.204,40053.473,-999.0,39620.771,-4.5,14.0,0.24434609527920614,17.0,-1.0,0.999,4.0831,1.015814,0.1089370149932211,17.28612412412412,,41.739,5.489,5319628.0
23859,HMSDIS,LH2,I,0.2994724050124313,2.2945927662044525,8.5831,35.178,35.167,12.26,34.88,33118.389,33108.038,11543.784,32837.345,-4.5,14.0,0.24434609527920614,-1.0,9.0,0.9991,4.0831,1.015763,0.1089370149932211,9.150102091882694,,35.374,21.309,20061244.0
23860,HMSDIS,Dummy,I,0.2994724050124313,2.2945927662044525,8.5831,25.393,25.396,25.2,25.19,41158.239,41163.051,40848.223,40837.844,-4.5,14.0,0.24434609527920614,-1.0,9.0,0.9993,4.0831,1.0,0.1089370149932211,9.006304413089163,,19.353,10.92,17699644.0
23909,HMSDIS,LH2,I,0.24975789710096158,3.3051904135289774,8.5831,10.145,10.194,10.08,10.07,18204.238,18293.203,18095.569,18079.824,-1.531,29.045,0.506930881241753,-1.0,1.0,0.9998,7.0521,1.003852,0.011528907008166632,1.0045852407397045,,10.917,0.204,366311.0
23918,HMSDIS,LD2,I,0.24975789710096158,3.3051904135289774,8.5831,9.949,10.003,9.98,9.981,9147.05,9197.408,9176.062,9177.07,-1.531,29.045,0.506930881241753,-1.0,5.0,0.9996,7.0521,1.003494,0.011528907008166632,5.019477791116446,,30.468,0.381,350598.0
23919,HMSDIS,LD2,I,0.24975789710096158,3.3051904135289774,8.5831,9.973,10.028,9.96,9.945,17649.756,17746.725,17626.362,17601.119,-1.531,29.045,0.506930881241753,-1.0,3.0,0.9997,7.0521,1.003503,0.011528907008166632,3.011412423727118,,30.539,0.384,678843.0
23925,HMSDIS,Dummy,I,0.24975789710096158,3.3051904135289774,8.5831,15.308,15.353,15.29,15.31,27524.751,27606.581,27502.137,27528.766,-1.531,29.045,0.506930881241753,-1.0,2.0,0.9998,7.0521,1.0,0.011528907008166632,2.0006801752405368,,15.256,0.221,396839.0
23934,HMSDIS,C,I,0.24975789710096158,3.3051904135289774,8.5831,9.912,9.968,9.854,9.843,16905.872,17002.416,16807.415,16788.772,-1.531,29.045,0.506930881241753,-1.0,1.0,0.9998,7.0521,1.0,0.011528907008166632,1.0002000400080016,,17.949,0.259,441543.0
23938,HMSDIS,Cu,I,0.24975789710096158,3.3051904135289774,8.5831,9.927,9.983,9.947,9.957,11204.361,11266.779,11226.369,11238.493,-1.531,29.045,0.506930881241753,-1.0,1.0,0.9998,7.0521,1.0,0.011528907008166632,1.0002000400080016,,16.362,0.231,260627.0
23963,HMSDIS,LH2,I,0.24975789710096158,3.3051904135289774,8.5831,9.842,9.892,9.775,9.755,16731.092,16815.94,16615.931,16582.312,-1.531,29.045,0.506930881241753,-1.0,1.0,0.9998,7.0521,1.003691,0.011528907008166632,1.0038917783556711,,10.588,0.199,337952.0
23968,HMSDIS,Dummy,I,0.24975789710096158,3.3051904135289774,8.5831,19.141,19.176,19.03,19.0,19748.555,19784.742,19642.718,19609.475,-1.531,29.045,0.506930881241753,-1.0,1.0,0.9997,7.0521,1.0,0.011528907008166632,1.000300090027008,,19.025,0.277,285559.0
23971,HMSDIS,C,I,0.24975789710096158,3.3051904135289774,8.5831,15.003,15.048,14.96,14.94,9921.956,9951.389,9894.051,9884.824,-1.531,29.045,0.506930881241753,-1.0,1.0,0.9998,7.0521,1.0,0.011528907008166632,1.0018330278433862,,27.096,0.393,259592.0
23976,HMSDIS,Cu,I,0.24975789710096158,3.3051904135289774,8.5831,13.468,13.52,13.5,13.49,8432.51,8464.948,8454.874,8447.396,-1.531,29.045,0.506930881241753,-1.0,1.0,0.9998,7.0521,1.0,0.011528907008166632,1.0002000400080016,,22.153,0.313,195995.0
24017,HMSDIS,LH2,I,0.24975789710096158,3.3051904135289774,8.5831,12.957,13.012,12.98,12.97,21036.099,21125.175,21076.28,21057.951,-1.531,29.045,0.506930881241753,-1.0,1.0,0.9998,7.0521,1.00494,0.011528907008166632,1.005141028205641,,13.912,0.262,425910.0
24027,HMSDIS,LD2,I,0.24975789710096158,3.3051904135289774,8.5831,9.89,9.952,9.86,9.832,10603.442,10669.53,10571.218,10541.289,-1.531,29.045,0.506930881241753,-1.0,1.0,0.9998,7.0521,1.003476,0.011528907008166632,1.0036767353470695,,30.307,0.382,409986.0
24044,HMSDIS,C,I,0.24975789710096158,3.3051904135289774,8.5831,17.065,17.118,17.07,17.06,14561.666,14607.298,14571.957,14557.787,-1.531,29.045,0.506930881241753,-1.0,1.0,0.9998,7.0521,1.0,0.011528907008166632,1.0003500925218798,,30.848,0.448,382048.0
24052,HMSDIS,Cu,I,0.24975789710096158,3.3051904135289774,8.5831,19.791,19.845,19.78,19.78,16307.255,16351.526,16297.775,16303.69,-1.531,29.045,0.506930881241753,-1.0,1.0,0.9998,7.0521,1.0,0.011528907008166632,1.0002000400080016,,32.287,0.458,377396.0
24083,HMSDIS,LH2,I,0.24975789710096158,3.3051904135289774,8.5831,29.737,29.773,29.78,29.78,25314.12,25344.894,25353.544,25358.483,-1.531,29.045,0.506930881241753,-1.0,1.0,0.9998,7.0521,1.012801,0.011528907008166632,1.0154203010366112,,31.726,0.602,512685.0
24118,HMSDIS,Dummy,I,0.24975789710096158,3.3051904135289774,8.5831,19.89,19.936,19.78,19.73,15220.998,15255.971,15139.402,15101.515,-1.531,29.045,0.506930881241753,-1.0,1.0,0.9997,7.0521,1.0,0.011528907008166632,1.000300090027008,,19.774,0.289,221195.0
24136,HMSDIS,LH2,I,0.24975789710096158,3.3051904135289774,8.5831,10.224,10.276,10.25,10.25,10383.751,10436.525,10414.599,10417.196,-1.531,29.045,0.506930881241753,-1.0,1.0,0.9997,7.0521,1.003739,0.011528907008166632,1.0046128413832074,,10.985,0.207,209820.0
24142,HMSDIS,C,I,0.24975789710096158,3.3051904135289774,8.5831,11.957,12.007,11.97,11.96,11617.34,11666.041,11637.373,11620.968,-1.531,29.045,0.506930881241753,-1.0,1.0,0.9997,7.0521,1.0,0.011528907008166632,1.000300090027008,,21.637,0.314,305156.0
24148,HMSDIS,Cu,I,0.24975789710096158,3.3051904135289774,8.5831,15.133,15.176,15.14,15.12,13494.288,13532.61,13505.75,13484.584,-1.531,29.045,0.506930881241753,-1.0,1.0,0.9998,7.0521,1.0,0.011528907008166632,1.0002000400080016,,24.739,0.351,313302.0
24183,HMSDIS,LH2,I,0.24975789710096158,3.3051904135289774,8.5831,29.99,30.044,29.9,29.82,24348.861,24392.506,24276.62,24211.982,-1.531,29.045,0.506930881241753,-1.0,1.0,0.9998,7.0521,1.01288,0.011528907008166632,1.0130826165233047,,31.867,0.604,490762.0
24184,HMSDIS,LH2,I,0.24975789710096158,3.3051904135289774,8.5831,10.336,10.394,10.33,10.32,9508.093,9562.031,9507.728,9499.364,-1.531,29.045,0.506930881241753,-1.0,1.0,0.9997,7.0521,1.003789,0.011528907008166632,1.0046528326544069,,11.123,0.21,192848.0
24198,HMSDIS,LH2,I,0.24975789710096158,3.3051904135289774,8.5831,16.404,16.448,16.28,16.22,11746.828,11778.085,11662.4,11619.769,-1.531,29.045,0.506930881241753,-1.0,1.0,0.9997,7.0521,1.006315,0.011528907008166632,1.0066169850955287,,17.622,0.334,239025.0
24205,HMSDIS,LD2,I,0.24975789710096158,3.3051904135289774,8.5831,24.255,24.296,24.09,24.03,14016.823,14040.806,13924.276,13887.468,-1.531,29.045,0.506930881241753,-1.0,2.0,0.9998,7.0521,1.008487,0.011528907008166632,2.0199225779433077,,73.764,0.944,545464.0
24209,HMSDIS,C,I,0.24975789710096158,3.3051904135289774,8.5831,47.489,47.583,47.5,47.34,40281.449,40361.802,40292.436,40159.264,-1.531,29.045,0.506930881241753,-1.0,3.0,0.9997,7.0521,1.0,0.011528907008166632,3.003874105445415,,85.949,1.257,1066168.0
24212,HMSDIS,Cu,I,0.24975789710096158,3.3051904135289774,8.5831,36.08,36.148,36.12,35.97,26385.966,26435.735,26420.822,26307.366,-1.531,29.045,0.506930881241753,-1.0,3.0,0.9996,7.0521,1.0,0.011528907008166632,3.0012004801920766,,58.613,0.84,614303.0
24221,HMSDIS,LD2,I,0.24975789710096158,3.3051904135289774,8.5831,12.018,12.076,12.05,12.01,9156.397,9200.484,9183.215,9153.888,-1.531,29.045,0.506930881241753,-1.0,1.0,0.9998,7.0521,1.004218,0.011528907008166632,1.0079568121875335,,36.867,0.47,358272.0
24231,HMSDIS,LH2,I,0.24975789710096158,3.3051904135289774,8.5831,17.088,17.139,17.1,17.05,14456.89,14500.744,14471.161,14432.679,-1.531,29.045,0.506930881241753,-1.0,1.0,0.9998,7.0521,1.0065,0.011528907008166632,1.0070034413004436,,18.326,0.348,294316.0
24235,HMSDIS,Dummy,I,0.24975789710096158,3.3051904135289774,8.5831,20.293,20.34,20.24,20.17,18792.618,18835.862,18748.754,18679.369,-1.531,29.045,0.506930881241753,-1.0,1.0,0.9998,7.0521,1.0,0.011528907008166632,1.0005402236840542,,20.19,0.296,274087.0
24242,HMSDIS,C,I,0.24975789710096158,3.3051904135289774,8.5831,24.648,24.697,24.52,24.43,18160.989,18196.611,18070.84,18006.982,-1.531,29.045,0.506930881241753,-1.0,1.0,0.9997,7.0521,1.0,0.011528907008166632,1.0073414064581505,,44.573,0.652,480499.0
24249,HMSDIS,Cu,I,0.24975789710096158,3.3051904135289774,8.5831,46.202,46.306,46.19,46.02,34752.815,34831.173,34744.431,34619.3,-1.531,29.045,0.506930881241753,-1.0,2.0,0.9997,7.0521,1.0,0.011528907008166632,2.001400740350156,,74.657,1.073,807283.0
24256,HMSDIS,LD2,I,0.24975789710096158,3.3051904135289774,8.5831,35.642,35.7,35.65,35.56,26704.264,26747.404,26713.788,26644.317,-1.531,29.045,0.506930881241753,-1.0,3.0,0.9997,7.0521,1.01247,0.011528907008166632,3.042154611259121,,107.963,1.389,1040316.0
24265,HMSDIS,LH2,I,0.24975789710096158,3.3051904135289774,8.5831,17.299,17.354,17.35,17.3,15260.736,15310.018,15310.786,15265.868,-1.531,29.045,0.506930881241753,-1.0,1.0,0.9998,7.0521,1.006683,0.011528907008166632,1.0080940897831148,,18.563,0.353,311328.0
24284,HMSDIS,LD2,I,0.24975789710096158,3.3051904135289774,8.5831,49.023,49.112,48.76,48.51,39316.698,39388.08,39107.307,38905.328,-1.531,29.045,0.506930881241753,-1.0,5.0,0.9996,7.0521,1.017155,0.011528907008166632,5.08781012404962,,148.157,1.915,1535610.0
24285,HMSDIS,LD2,I,0.24975789710096158,3.3051904135289774,8.5831,40.248,40.299,39.89,39.72,25251.556,25283.312,25029.169,24920.399,-1.531,29.045,0.506930881241753,-1.0,3.0,0.9997,7.0521,1.014076,0.011528907008166632,3.0448765219001674,,121.845,1.569,984174.0
24286,HMSDIS,LD2,I,0.24975789710096158,3.3051904135289774,8.5831,30.182,30.226,29.87,29.72,27206.352,27245.704,26927.573,26791.389,-1.531,29.045,0.506930881241753,-1.0,3.0,0.9996,7.0521,1.010558,0.011528907008166632,3.0328871548619447,,91.683,1.179,1062337.0
24287,HMSDIS,LD2,I,0.24975789710096158,3.3051904135289774,8.5831,19.349,19.396,19.15,19.05,19747.34,19796.196,19546.589,19444.963,-1.531,29.045,0.506930881241753,-1.0,2.0,0.9998,7.0521,1.006775,0.011528907008166632,2.0139527905581116,,59.111,0.757,772397.0
24289,HMSDIS,LD2,I,0.24975789710096158,3.3051904135289774,8.5831,10.043,10.106,9.952,9.9,10857.705,10925.517,10759.67,10703.285,-1.531,29.045,0.506930881241753,-1.0,1.0,0.9998,7.0521,1.00353,0.011528907008166632,1.0055507930847132,,30.907,0.394,425482.0
24290,HMSDIS,LD2,I,0.24975789710096158,3.3051904135289774,8.5831,6.945,7.015,6.898,6.862,11156.724,11268.486,11080.248,11022.758,-1.531,29.045,0.506930881241753,-1.0,1.0,0.9998,7.0521,1.00245,0.011528907008166632,1.0029714809799348,,21.463,0.273,437772.0
24291,HMSDIS,LD2,I,0.24975789710096158,3.3051904135289774,8.5831,3.097,3.178,3.123,3.071,1806.982,1853.971,1821.939,1791.627,-1.531,29.045,0.506930881241753,-1.0,1.0,0.9998,7.0521,1.00111,0.011528907008166632,1.0013102620524104,,9.691,0.123,71983.0
24292,HMSDIS,LH2,I,0.24975789710096158,3.3051904135289774,8.5831,2.908,2.989,2.941,2.883,1642.242,1688.182,1661.059,1628.308,-1.531,29.045,0.506930881241753,-1.0,1.0,0.9998,7.0521,1.001059,0.011528907008166632,1.00125925185037,,3.204,0.06,34050.0
24293,HMSDIS,LH2,I,0.24975789710096158,3.3051904135289774,8.5831,6.922,6.993,6.882,6.85,3095.797,3127.738,3078.241,3063.908,-1.531,29.045,0.506930881241753,-1.0,1.0,0.9998,7.0521,1.002574,0.011528907008166632,1.0027745549109823,,7.516,0.142,63367.0
24294,HMSDIS,LH2,I,0.24975789710096158,3.3051904135289774,8.5831,9.855,9.922,9.782,9.737,3219.009,3240.716,3194.979,3180.439,-1.531,29.045,0.506930881241753,-1.0,1.0,0.9999,7.0521,1.003696,0.011528907008166632,1.0037963796379636,,10.67,0.202,65981.0
24295,HMSDIS,LH2,I,0.24975789710096158,3.3051904135289774,8.5831,19.817,19.874,19.63,19.55,10061.038,10090.149,9969.435,9928.945,-1.531,29.045,0.506930881241753,-1.0,1.0,0.9999,7.0521,1.007849,0.011528907008166632,1.007949794979498,,21.241,0.405,205453.0
24296,HMSDIS,LH2,I,0.24975789710096158,3.3051904135289774,8.5831,29.469,29.534,29.21,29.1,15342.364,15376.204,15210.007,15155.155,-1.531,29.045,0.506930881241753,-1.0,1.0,0.9998,7.0521,1.013541,0.011528907008166632,1.01374374874975,,31.384,0.597,310617.0
24297,HMSDIS,LH2,I,0.24975789710096158,3.3051904135289774,8.5831,40.198,40.272,39.91,39.76,6609.27,6621.483,6561.957,6537.518,-1.531,29.045,0.506930881241753,-1.0,2.0,0.9998,7.0521,1.02072,0.011528907008166632,2.041848369673935,,42.521,0.811,133400.0
24298,HMSDIS,LH2,I,0.24975789710096158,3.3051904135289774,8.5831,37.616,37.696,37.37,37.24,20592.058,20635.625,20458.096,20388.028,-1.531,29.045,0.506930881241753,-1.0,2.0,0.9998,7.0521,1.019586,0.011528907008166632,2.039620708397365,,39.786,0.76,415827.0
24299,HMSDIS,LH2,I,0.24975789710096158,3.3051904135289774,8.5831,46.256,46.387,46.15,45.95,38808.52,38918.13,38720.042,38553.339,-1.531,29.045,0.506930881241753,-1.0,5.0,0.9998,7.0521,1.024389,0.011528907008166632,5.122969593918784,,48.644,0.931,781075.0
24301,HMSDIS,C,I,0.24975789710096158,3.3051904135289774,8.5831,50.684,50.841,51.02,50.94,37415.509,37531.072,37666.61,37606.021,-1.531,29.045,0.506930881241753,-1.0,3.0,0.9997,7.0521,1.0,0.011528907008166632,3.0009002700810243,,91.942,1.351,997498.0
24303,HMSDIS,C,I,0.24975789710096158,3.3051904135289774,8.5831,40.729,40.826,40.94,40.88,26964.662,27029.176,27110.069,27066.366,-1.531,29.045,0.506930881241753,-1.0,2.0,0.9998,7.0521,1.0,0.011528907008166632,2.000400080016003,,73.68,1.081,715384.0
24304,HMSDIS,C,I,0.24975789710096158,3.3051904135289774,8.5831,30.522,30.602,30.68,30.63,16663.786,16707.508,16754.578,16725.795,-1.531,29.045,0.506930881241753,-1.0,2.0,0.9997,7.0521,1.0,0.011528907008166632,2.002382300301284,,55.206,0.809,441680.0
24306,HMSDIS,C,I,0.24975789710096158,3.3051904135289774,8.5831,20.3,20.373,20.27,20.18,12354.078,12398.246,12340.869,12281.963,-1.531,29.045,0.506930881241753,-1.0,1.0,0.9998,7.0521,1.0,0.011528907008166632,1.003672747715096,,36.786,0.539,327735.0
24307,HMSDIS,C,I,0.24975789710096158,3.3051904135289774,8.5831,10.307,10.38,10.28,10.24,6846.903,6895.821,6834.87,6805.301,-1.531,29.045,0.506930881241753,-1.0,1.0,0.9997,7.0521,1.0,0.011528907008166632,1.0014116569662406,,18.742,0.273,181539.0
24308,HMSDIS,C,I,0.24975789710096158,3.3051904135289774,8.5831,7.186,7.262,7.198,7.176,4219.755,4264.345,4226.679,4213.711,-1.531,29.045,0.506930881241753,-1.0,1.0,0.9998,7.0521,1.0,0.011528907008166632,1.0009006704773358,,13.1,0.191,112444.0
24309,HMSDIS,C,I,0.24975789710096158,3.3051904135289774,8.5831,3.124,3.206,3.182,3.135,2803.375,2877.34,2856.05,2813.082,-1.531,29.045,0.506930881241753,-1.0,1.0,0.9997,7.0521,1.0,0.011528907008166632,1.000550227583904,,5.754,0.084,75242.0
24319,HMSDIS,LD2,I,0.24975789710096158,3.3051904135289774,8.5831,6.874,6.949,6.878,6.85,6249.728,6317.26,6252.815,6227.102,-1.531,29.045,0.506930881241753,-1.0,1.0,0.9997,7.0521,1.002427,0.011528907008166632,1.0027278183455035,,21.243,0.27,245583.0
24333,HMSDIS,LH2,I,0.24975789710096158,3.3051904135289774,8.5831,9.78,9.854,9.79,9.757,6761.322,6812.441,6768.661,6745.33,-1.531,29.045,0.506930881241753,-1.0,1.0,0.9997,7.0521,1.003581,0.011528907008166632,1.003882164649395,,10.568,0.2,138318.0
24340,HMSDIS,Dummy,I,0.24975789710096158,3.3051904135289774,8.5831,20.444,20.52,20.49,20.42,18325.347,18393.136,18366.878,18304.86,-1.531,29.045,0.506930881241753,-1.0,1.0,0.9998,7.0521,1.0,0.011528907008166632,1.0012313082555049,,20.358,0.299,267720.0
24350,HMSDIS,C,I,0.24975789710096158,3.3051904135289774,8.5831,13.122,13.2,13.12,13.05,10517.575,10580.464,10515.809,10465.249,-1.531,29.045,0.506930881241753,-1.0,1.0,0.9998,7.0521,1.0,0.011528907008166632,1.0008505928933824,,23.834,0.349,279658.0
24361,HMSDIS,Cu,I,0.24975789710096158,3.3051904135289774,8.5831,14.047,14.121,14.01,13.95,10886.08,10943.574,10861.119,10816.336,-1.531,29.045,0.506930881241753,-1.0,1.0,0.9997,7.0521,1.0,0.011528907008166632,1.000300090027008,,23.072,0.329,255284.0
24373,HMSDIS,Al,I,0.24975789710096158,3.3051904135289774,8.5831,24.695,24.784,24.68,24.59,42368.725,42521.46,42343.569,42192.627,-1.531,29.045,0.506930881241753,-1.0,1.0,0.9998,7.0521,1.0,0.011528907008166632,1.0002000400080016,,11.506,0.2,342434.0
24375,HMSDIS,Al,I,0.24975789710096158,3.3051904135289774,8.5831,25.322,25.412,25.3,25.23,21489.812,21566.051,21476.925,21413.625,-1.531,29.045,0.506930881241753,5.0,-1.0,0.9997,7.0521,1.0,0.011528907008166632,5.007359060235516,,11.795,0.205,173971.0
24438,HMSDIS,LD2,I,0.24975789710096158,3.3051904135289774,8.5831,7.965,8.17,8.163,8.142,7447.376,7638.364,7632.613,7612.881,-1.531,29.045,0.506930881241753,-1.0,1.0,0.9997,7.0521,1.002854,0.011528907008166632,1.0047223132926817,,25.053,0.316,295827.0
24440,HMSDIS,LD2,I,0.24975789710096158,3.3051904135289774,8.5831,8.026,8.214,8.215,8.192,6755.268,6913.605,6914.671,6894.946,-1.531,29.045,0.506930881241753,9.0,-1.0,0.9997,7.0521,1.002869,0.011528907008166632,9.02852955886766,,25.186,0.318,267779.0
24455,HMSDIS,LH2,I,0.24975789710096158,3.3051904135289774,8.5831,8.015,8.151,8.083,8.04,6824.892,6940.442,6882.887,6846.053,-1.531,29.045,0.506930881241753,-1.0,1.0,0.9997,7.0521,1.002477,0.011528907008166632,1.0032092133117292,,8.771,0.166,141354.0
24456,HMSDIS,LH2,I,0.24975789710096158,3.3051904135289774,8.5831,7.872,8.039,7.979,7.954,11245.318,11483.331,11397.422,11362.303,-1.531,29.045,0.506930881241753,5.0,-1.0,0.9997,7.0521,1.002455,0.011528907008166632,5.0137791337401225,,8.645,0.164,234250.0
24465,HMSDIS,Dummy,I,0.24975789710096158,3.3051904135289774,8.5831,10.103,10.228,10.19,10.18,8856.382,8965.95,8939.912,8929.011,-1.531,29.045,0.506930881241753,-1.0,1.0,0.9998,7.0521,1.0,0.011528907008166632,1.0002000400080016,,10.218,0.149,130927.0
24466,HMSDIS,Dummy,I,0.24975789710096158,3.3051904135289774,8.5831,10.049,10.134,10.12,10.1,9167.771,9245.616,9235.025,9217.637,-1.531,29.045,0.506930881241753,5.0,-1.0,0.9997,7.0521,1.0,0.011528907008166632,5.00150045013504,,10.13,0.148,134721.0
24481,HMSDIS,C,I,0.24975789710096158,3.3051904135289774,8.5831,5.984,6.174,6.143,6.123,5411.009,5583.057,5554.958,5537.43,-1.531,29.045,0.506930881241753,-1.0,1.0,0.9998,7.0521,1.0,0.011528907008166632,1.000760465868888,,11.162,0.162,146905.0
24482,HMSDIS,C,I,0.24975789710096158,3.3051904135289774,8.5831,5.908,6.096,6.042,6.025,2613.864,2696.968,2673.005,2665.415,-1.531,29.045,0.506930881241753,1.0,-1.0,0.9998,7.0521,1.0,0.011528907008166632,1.7859758227380702,,11.034,0.16,70703.0
24483,HMSDIS,C,I,0.24975789710096158,3.3051904135289774,8.5831,5.942,6.13,6.095,6.083,5461.026,5633.977,5601.142,5590.412,-1.531,29.045,0.506930881241753,5.0,-1.0,0.9995,7.0521,1.0,0.011528907008166632,5.0076591395390375,,11.088,0.161,147664.0
24495,HMSDIS,Cu,I,0.24975789710096158,3.3051904135289774,8.5831,5.948,6.139,6.139,6.13,5071.171,5233.73,5233.719,5226.183,-1.531,29.045,0.506930881241753,-1.0,1.0,0.9998,7.0521,1.0,0.011528907008166632,1.0002000400080016,,10.088,0.143,121940.0
24496,HMSDIS,Cu,I,0.24975789710096158,3.3051904135289774,8.5831,5.876,6.065,6.065,6.06,2618.805,2702.959,2703.206,2700.694,-1.531,29.045,0.506930881241753,1.0,-1.0,0.9997,7.0521,1.0,0.011528907008166632,1.6187919182221417,,9.973,0.141,62626.0
24498,HMSDIS,Cu,I,0.24975789710096158,3.3051904135289774,8.5831,5.933,6.123,6.125,6.115,5201.88,5368.093,5369.732,5361.528,-1.531,29.045,0.506930881241753,5.0,-1.0,0.9998,7.0521,1.0,0.011528907008166632,5.001000200040008,,10.078,0.142,124625.0
24537,HMSDIS,LD2,I,0.24975789710096158,3.3051904135289774,8.5831,35.269,36.008,36.12,36.13,3510.918,3584.45,3596.348,3596.905,1.531,29.045,0.506930881241753,-1.0,5.0,0.9968,7.0521,1.012578,0.011528907008166632,5.079143258426965,,390.803,0.248,24689.0
24541,HMSDIS,LD2,I,0.24975789710096158,3.3051904135289774,8.5831,31.921,32.6,32.53,32.47,27040.784,27616.565,27563.108,27512.407,1.531,29.045,0.506930881241753,-1.0,3.0,0.9976,7.0521,1.011387,0.011528907008166632,3.04146050521251,,354.338,0.228,193330.0
24544,HMSDIS,LH2,I,0.24975789710096158,3.3051904135289774,8.5831,47.409,48.434,48.76,48.71,47624.871,48653.934,48983.136,48933.985,1.531,29.045,0.506930881241753,-1.0,3.0,0.9973,7.0521,1.023171,0.011528907008166632,3.077823122430563,,291.73,0.174,175278.0
24546,HMSDIS,Dummy,I,0.24975789710096158,3.3051904135289774,8.5831,38.977,39.806,40.07,40.02,28020.761,28617.283,28808.931,28771.821,1.531,29.045,0.506930881241753,-1.0,1.0,0.9978,7.0521,1.0,0.011528907008166632,1.0121441057903384,,190.006,0.102,73494.0
24549,HMSDIS,C,I,0.24975789710096158,3.3051904135289774,8.5831,45.856,46.601,46.56,46.43,42187.077,42872.844,42839.936,42715.33,1.531,29.045,0.506930881241753,-1.0,3.0,0.9981,7.0521,1.0,0.011528907008166632,3.005710850616171,,367.712,0.233,214668.0
24551,HMSDIS,Cu,I,0.24975789710096158,3.3051904135289774,8.5831,47.732,48.65,48.93,48.87,44396.892,45250.945,45511.877,45461.057,1.531,29.045,0.506930881241753,-1.0,3.0,0.9983,7.0521,1.0,0.011528907008166632,3.005108684764099,,397.593,0.298,277448.0
24563,HMSDIS,Al,I,0.24975789710096158,3.3051904135289774,8.5831,50.947,51.18,51.25,51.14,56604.884,56863.531,56945.885,56825.512,1.531,29.045,0.506930881241753,-1.0,1.0,0.9976,7.0521,1.0,0.011528907008166632,1.004142941145439,,114.336,0.06,66893.0
24573,HMSDIS,LD2,I,0.24975789710096158,3.3051904135289774,8.5831,24.134,24.357,24.36,24.33,20724.748,20916.006,20922.353,20896.682,1.531,29.045,0.506930881241753,-1.0,3.0,0.9977,7.0521,1.008508,0.011528907008166632,3.032498747118372,,266.994,0.174,149505.0
24575,HMSDIS,LH2,I,0.24975789710096158,3.3051904135289774,8.5831,34.292,34.417,34.56,34.53,26261.851,26357.326,26467.443,26443.795,1.531,29.045,0.506930881241753,-1.0,2.0,0.9973,7.0521,1.016836,0.011528907008166632,2.0391777800060167,,209.813,0.125,95425.0
24577,HMSDIS,Dummy,I,0.24975789710096158,3.3051904135289774,8.5831,35.84,36.306,36.55,36.5,29173.65,29552.841,29757.412,29716.25,1.531,29.045,0.506930881241753,-1.0,2.0,0.997,7.0521,1.0,0.011528907008166632,2.0060180541624875,,173.5,0.095,77364.0
24579,HMSDIS,C,I,0.24975789710096158,3.3051904135289774,8.5831,33.322,33.567,33.79,33.73,22747.213,22914.711,23068.867,23032.309,1.531,29.045,0.506930881241753,-1.0,2.0,0.9977,7.0521,1.0,0.011528907008166632,2.004610604390097,,266.052,0.167,113875.0
24581,HMSDIS,Cu,I,0.24975789710096158,3.3051904135289774,8.5831,35.105,35.758,35.62,35.56,25386.079,25858.112,25759.28,25721.588,1.531,29.045,0.506930881241753,-1.0,2.0,0.9976,7.0521,1.0,0.011528907008166632,2.00491179330418,,295.405,0.22,159003.0
24626,HMSDIS,LD2,I,0.24975789710096158,3.3051904135289774,8.5831,38.725,38.855,39.08,38.97,27833.141,27926.742,28091.611,28011.947,-1.531,29.045,0.506930881241753,-1.0,3.0,0.9996,7.0521,1.013572,0.011528907008166632,3.0419327731092434,,117.259,1.517,1090421.0
24637,HMSDIS,LH2,I,0.24975789710096158,3.3051904135289774,8.5831,48.829,49.019,49.25,49.06,49991.266,50185.573,50431.503,50227.46,-1.531,29.045,0.506930881241753,-1.0,2.0,0.9996,7.0521,1.025989,0.011528907008166632,2.0536000236570855,,51.336,0.985,1008744.0
24644,HMSDIS,Dummy,I,0.24975789710096158,3.3051904135289774,8.5831,39.302,39.445,39.67,39.64,32834.216,32953.919,33145.891,33123.581,-1.531,29.045,0.506930881241753,-1.0,1.0,0.9996,7.0521,1.0,0.011528907008166632,1.0047910971586087,,38.984,0.575,480730.0
24652,HMSDIS,C,I,0.24975789710096158,3.3051904135289774,8.5831,46.24,46.421,46.81,46.81,38508.439,38659.547,38986.781,38984.279,-1.531,29.045,0.506930881241753,-1.0,3.0,0.9996,7.0521,1.0,0.011528907008166632,3.0026417482312278,,83.749,1.239,1031909.0
24663,HMSDIS,Cu,I,0.24975789710096158,3.3051904135289774,8.5831,46.547,46.728,46.73,46.69,37331.919,37477.545,37484.363,37452.196,-1.531,29.045,0.506930881241753,-1.0,2.0,0.9995,7.0521,1.0,0.011528907008166632,2.001080543471864,,75.116,1.087,871921.0
24705,HMSDIS,LH2,I,0.24975789710096158,3.3051904135289774,8.5831,51.403,51.638,52.06,52.02,44650.768,44855.059,45229.853,45195.145,-1.531,29.045,0.506930881241753,-1.0,2.0,0.9997,7.0521,1.029986,0.011528907008166632,2.060590177053116,,53.467,1.033,897214.0
24711,HMSDIS,Dummy,I,0.24975789710096158,3.3051904135289774,8.5831,37.73,37.862,38.06,38.02,38309.642,38443.863,38644.299,38611.417,-1.531,29.045,0.506930881241753,-1.0,2.0,0.9996,7.0521,1.0,0.011528907008166632,2.000800320128051,,37.389,0.557,565448.0
24750,HMSDIS,LH2,I,0.24975789710096158,3.3051904135289774,8.5831,55.465,55.705,55.8,55.66,52842.069,53071.427,53169.237,53028.892,-1.531,29.045,0.506930881241753,-1.0,2.0,0.9996,7.0521,1.032548,0.011528907008166632,2.0684251633952875,,57.666,1.11,1057817.0
24763,HMSDIS,Dummy,I,0.24975789710096158,3.3051904135289774,8.5831,39.849,39.969,39.94,39.88,39647.137,39766.188,39746.28,39677.858,-1.531,29.045,0.506930881241753,-1.0,2.0,0.9997,7.0521,1.0,0.011528907008166632,2.000600180054016,,39.47,0.585,581750.0
24792,HMSDIS,LH2,I,0.24975789710096158,3.3051904135289774,8.5831,55.426,55.692,55.9,55.66,31309.727,31460.383,31582.85,31447.229,-1.531,29.045,0.506930881241753,-1.0,1.0,0.9997,7.0521,1.032348,0.011528907008166632,1.082666146653109,,57.714,1.109,626561.0
24800,HMSDIS,Dummy,I,0.24975789710096158,3.3051904135289774,8.5831,38.612,38.746,38.9,38.76,34236.105,34355.049,34494.392,34371.043,-1.531,29.045,0.506930881241753,-1.0,1.0,0.9997,7.0521,1.0,0.011528907008166632,1.0035717338794552,,38.357,0.57,505284.0
24847,HMSDIS,C,I,0.24975789710096158,3.3051904135289774,8.5831,16.092,16.174,16.1,16.06,9652.43,9701.484,9656.895,9635.942,1.531,29.045,0.506930881241753,-1.0,1.0,0.9984,7.0521,1.0,0.011528907008166632,1.0046164133425919,,129.211,0.08,47743.0
24848,HMSDIS,C,I,0.24975789710096158,3.3051904135289774,8.5831,34.138,34.263,34.32,34.24,28288.615,28392.24,28444.159,28379.5,1.531,29.045,0.506930881241753,-1.0,2.0,0.9975,7.0521,1.0,0.011528907008166632,2.0057145314143154,,271.438,0.177,146516.0
24884,HMSDIS,LD2,I,0.2500167881672161,3.2980601986014344,10.6716,37.82,37.888,37.81,37.6,20827.246,20864.882,20824.673,20708.66,-3.642,16.75,0.2923426497090502,-1.0,5.0,0.9989,7.0296,1.013234,0.03071275212073593,5.071748923816197,,60.834,10.053,5536228.0
24891,HMSDIS,LH2,I,0.2500167881672161,3.2980601986014344,10.6716,52.015,52.466,52.54,52.35,46318.799,46720.901,46791.314,46621.085,-3.642,16.75,0.2923426497090502,-1.0,5.0,0.999,7.0296,1.029462,0.03071275212073593,5.152462462462464,,35.077,7.264,6468843.0
24895,HMSDIS,Dummy,I,0.2500167881672161,3.2980601986014344,10.6716,36.743,37.004,36.81,36.59,35292.687,35542.729,35361.253,35152.817,-3.642,16.75,0.2923426497090502,-1.0,3.0,0.9991,7.0296,1.0,0.03071275212073593,3.007092787658952,,22.124,3.813,3662155.0
24900,HMSDIS,C,I,0.2500167881672161,3.2980601986014344,10.6716,47.333,47.658,47.92,47.75,51228.439,51579.91,51863.895,51681.088,-3.642,16.75,0.2923426497090502,-1.0,9.0,0.9989,7.0296,1.0,0.03071275212073593,9.00991090199219,,48.145,8.187,8860286.0
24905,HMSDIS,Cu,I,0.2500167881672161,3.2980601986014344,10.6716,50.179,50.449,50.61,50.45,41941.634,42167.19,42305.957,42172.985,-3.642,16.75,0.2923426497090502,-1.0,5.0,0.999,7.0296,1.0,0.03071275212073593,5.005005005005005,,44.28,6.615,5529187.0
24906,HMSDIS,Cu,I,0.2500167881672161,3.2980601986014344,10.6716,46.509,46.818,46.95,46.81,13270.133,13358.427,13397.337,13357.061,-3.642,16.75,0.2923426497090502,-1.0,5.0,0.999,7.0296,1.0,0.03071275212073593,5.005005005005005,,41.123,6.14,1751763.0
24911,HMSDIS,LD2,I,0.2500167881672161,3.2980601986014344,10.6716,9.503,9.593,9.541,9.514,8895.519,8979.38,8930.666,8905.487,-3.642,16.75,0.2923426497090502,-1.0,2.0,0.9992,7.0296,1.003351,0.03071275212073593,2.0131603633933124,,15.461,2.56,2396015.0
24922,HMSDIS,LH2,I,0.2500167881672161,3.2980601986014344,10.6716,37.466,37.758,37.63,37.58,26271.289,26476.547,26392.547,26354.225,-3.642,16.75,0.2923426497090502,-1.0,3.0,0.9991,7.0296,1.018274,0.03071275212073593,3.063363573588874,,25.545,5.289,3708545.0
24925,HMSDIS,Dummy,I,0.2500167881672161,3.2980601986014344,10.6716,38.239,38.585,38.57,38.43,30202.089,30475.591,30470.24,30359.847,-3.642,16.75,0.2923426497090502,-1.0,3.0,0.999,7.0296,1.0,0.03071275212073593,3.0078155078155078,,23.073,3.975,3139432.0
24931,HMSDIS,C,I,0.2500167881672161,3.2980601986014344,10.6716,32.65,32.883,32.85,32.73,32800.175,33034.283,33001.989,32881.529,-3.642,16.75,0.2923426497090502,-1.0,5.0,0.999,7.0296,1.0,0.03071275212073593,5.005005005005005,,33.111,5.637,5662746.0
24936,HMSDIS,Cu,I,0.2500167881672161,3.2980601986014344,10.6716,39.464,39.773,39.83,39.7,39194.092,39500.65,39556.861,39435.606,-3.642,16.75,0.2923426497090502,-1.0,5.0,0.9991,7.0296,1.0,0.03071275212073593,5.004504053648284,,34.846,5.213,5177385.0
24967,HMSDIS,LD2,I,0.2500167881672161,3.2980601986014344,10.6716,7.959,8.149,8.13,8.118,8343.386,8543.148,8522.687,8510.5,-3.642,16.75,0.2923426497090502,-1.0,2.0,0.9992,7.0296,1.002846,0.03071275212073593,2.010232778126681,,13.116,2.172,2277003.0
24978,HMSDIS,LH2,I,0.2500167881672161,3.2980601986014344,10.6716,17.728,17.985,17.9,17.85,16634.892,16875.959,16799.289,16751.798,-3.642,16.75,0.2923426497090502,-1.0,2.0,0.9992,7.0296,1.006944,0.03071275212073593,2.021443444045751,,12.244,2.544,2387200.0
24983,HMSDIS,Dummy,I,0.2500167881672161,3.2980601986014344,10.6716,19.943,20.251,20.15,20.08,11968.775,12153.405,12093.809,12052.027,-3.642,16.75,0.2923426497090502,-1.0,1.0,0.9992,7.0296,1.0,0.03071275212073593,1.0154948510064736,,12.113,2.092,1255795.0
24989,HMSDIS,C,I,0.2500167881672161,3.2980601986014344,10.6716,14.884,15.124,15.04,14.99,13053.062,13263.302,13193.191,13148.58,-3.642,16.75,0.2923426497090502,-1.0,2.0,0.9991,7.0296,1.0,0.03071275212073593,2.0073620142387547,,15.18,2.591,2272391.0
24996,HMSDIS,Cu,I,0.2500167881672161,3.2980601986014344,10.6716,16.72,17.022,17.01,16.97,16447.649,16744.539,16741.718,16694.087,-3.642,16.75,0.2923426497090502,-1.0,2.0,0.9992,7.0296,1.0,0.03071275212073593,2.0027428444461544,,14.996,2.243,2206531.0
25021,HMSDIS,LH2,I,0.2500167881672161,3.2980601986014344,10.6716,47.287,47.512,47.41,47.2,41449.073,41645.845,41556.641,41373.702,-3.642,16.75,0.2923426497090502,-1.0,5.0,0.9991,7.0296,1.026486,0.03071275212073593,5.145543494779599,,31.822,6.596,5781719.0
25023,HMSDIS,LD2,I,0.2500167881672161,3.2980601986014344,10.6716,12.804,12.884,12.86,12.82,12324.169,12401.013,12387.338,12347.579,-3.642,16.75,0.2923426497090502,-1.0,3.0,0.9992,7.0296,1.0045,0.03071275212073593,3.0237139120773064,,20.68,3.42,3291889.0
25028,HMSDIS,Dummy,I,0.2500167881672161,3.2980601986014344,10.6716,40.336,40.477,40.63,40.46,34114.538,34233.416,34367.125,34220.658,-3.642,16.75,0.2923426497090502,-1.0,3.0,0.9991,7.0296,1.0,0.03071275212073593,3.009896083829322,,24.101,4.148,3508557.0
25036,HMSDIS,C,I,0.2500167881672161,3.2980601986014344,10.6716,37.003,37.251,37.03,36.76,30847.39,31054.537,30876.743,30651.779,-3.642,16.75,0.2923426497090502,-1.0,5.0,0.9991,7.0296,1.0,0.03071275212073593,5.009964915406076,,37.407,6.362,5303391.0
25042,HMSDIS,Cu,I,0.2500167881672161,3.2980601986014344,10.6716,43.968,44.287,44.2,44.03,35535.8,35793.412,35723.142,35590.248,-3.642,16.75,0.2923426497090502,-1.0,5.0,0.9989,7.0296,1.0,0.03071275212073593,5.015788422929334,,38.659,5.777,4669184.0
25047,HMSDIS,LD2,I,0.2500167881672161,3.2980601986014344,10.6716,8.926,9.117,9.053,9.023,8398.206,8577.896,8517.239,8489.011,-3.642,16.75,0.2923426497090502,-1.0,2.0,0.9992,7.0296,1.003185,0.03071275212073593,2.0118592694950093,,14.64,2.424,2280297.0
25054,HMSDIS,LH2,I,0.2500167881672161,3.2980601986014344,10.6716,34.039,34.657,34.58,34.39,25042.008,25496.588,25443.281,25305.064,-3.642,16.75,0.2923426497090502,-1.0,3.0,0.9991,7.0296,1.016715,0.03071275212073593,3.0572951082989595,,23.366,4.843,3563234.0
25057,HMSDIS,Dummy,I,0.2500167881672161,3.2980601986014344,10.6716,38.748,39.503,39.62,39.47,32395.077,33026.177,33124.043,32999.237,-3.642,16.75,0.2923426497090502,-1.0,3.0,0.9991,7.0296,1.0,0.03071275212073593,3.0057382277990468,,23.524,4.051,3386447.0
25081,HMSDIS,LD2,I,0.2500167881672161,3.2980601986014344,10.6716,7.929,8.091,8.011,7.961,7635.009,7791.017,7714.058,7666.344,-3.642,16.75,0.2923426497090502,-1.0,2.0,0.9992,7.0296,1.002826,0.03071275212073593,2.0115827090694953,,13.014,2.156,2076383.0
25089,HMSDIS,LH2,I,0.2500167881672161,3.2980601986014344,10.6716,17.407,17.847,17.79,17.77,13706.598,14053.064,14012.797,13997.005,-3.642,16.75,0.2923426497090502,-1.0,2.0,0.9992,7.0296,1.006916,0.03071275212073593,2.019948841400711,,12.124,2.519,1983347.0
25094,HMSDIS,Dummy,I,0.2500167881672161,3.2980601986014344,10.6716,19.417,19.985,19.82,19.79,11152.515,11479.179,11384.834,11367.399,-3.642,16.75,0.2923426497090502,-1.0,1.0,0.9992,7.0296,1.0,0.03071275212073593,1.0159587449876253,,11.938,2.061,1183599.0
25101,HMSDIS,C,I,0.2500167881672161,3.2980601986014344,10.6716,17.778,18.321,18.32,18.33,12274.358,12649.52,12653.285,12657.725,-3.642,16.75,0.2923426497090502,-1.0,2.0,0.9991,7.0296,1.0,0.03071275212073593,2.0060745602726944,,18.377,3.132,2162130.0
25106,HMSDIS,Cu,I,0.2500167881672161,3.2980601986014344,10.6716,19.806,20.425,20.27,20.24,14765.357,15226.896,15118.065,15090.019,-3.642,16.75,0.2923426497090502,-1.0,2.0,0.9992,7.0296,1.0,0.03071275212073593,2.0043673079097353,,17.949,2.686,2002206.0
25125,HMSDIS,LD2,I,0.2500167881672161,3.2980601986014344,10.6716,19.806,20.392,20.45,20.46,13951.023,14363.731,14410.932,14414.945,-3.642,16.75,0.2923426497090502,-1.0,3.0,0.9991,7.0296,1.007123,0.03071275212073593,3.025300801934226,,32.68,5.398,3802037.0
25132,HMSDIS,LH2,I,0.2500167881672161,3.2980601986014344,10.6716,22.787,23.396,23.45,23.46,20229.239,20769.793,20821.482,20829.105,-3.642,16.75,0.2923426497090502,-1.0,2.0,0.9991,7.0296,1.009717,0.03071275212073593,2.0253037352856045,,15.846,3.288,2919039.0
25133,HMSDIS,LH2,I,0.2500167881672161,3.2980601986014344,10.6716,23.766,24.405,24.46,24.46,18293.221,18784.845,18830.322,18834.059,-3.642,16.75,0.2923426497090502,5.0,-1.0,0.9991,7.0296,1.010335,0.03071275212073593,5.058097098969356,,16.524,3.425,2636517.0
25136,HMSDIS,Dummy,I,0.2500167881672161,3.2980601986014344,10.6716,19.832,20.384,20.43,20.44,17687.58,18180.001,18228.167,18231.965,-3.642,16.75,0.2923426497090502,-1.0,2.0,0.9991,7.0296,1.0,0.03071275212073593,2.007583461829382,,12.157,2.101,1874044.0
25137,HMSDIS,Dummy,I,0.2500167881672161,3.2980601986014344,10.6716,16.551,17.035,17.08,17.07,7108.458,7316.614,7338.707,7334.126,-3.642,16.75,0.2923426497090502,5.0,-1.0,0.9992,7.0296,1.0,0.03071275212073593,5.00400320256205,,10.17,1.756,754251.0
25142,HMSDIS,LD2,I,0.2500167881672161,3.2980601986014344,10.6716,23.35,24.074,23.97,23.97,21908.353,22588.192,22493.213,22498.562,-3.642,16.75,0.2923426497090502,-1.0,5.0,0.999,7.0296,1.008409,0.03071275212073593,5.047092092092093,,38.568,6.381,5987375.0
25145,HMSDIS,LD2,I,0.2500167881672161,3.2980601986014344,10.6716,19.856,20.51,20.49,20.49,7471.835,7717.842,7712.129,7712.85,-3.642,16.75,0.2923426497090502,-1.0,5.0,0.9992,7.0296,1.007164,0.03071275212073593,5.039851881505204,,32.885,5.437,2046082.0
25152,HMSDIS,LH2,I,0.2500167881672161,3.2980601986014344,10.6716,23.841,24.697,24.77,24.79,19607.894,20311.478,20375.062,20392.509,-3.642,16.75,0.2923426497090502,-1.0,5.0,0.9991,7.0296,1.010285,0.03071275212073593,5.0629622657668145,,16.727,3.472,2855809.0
25155,HMSDIS,Dummy,I,0.2500167881672161,3.2980601986014344,10.6716,37.498,38.841,38.79,38.81,34324.596,35553.558,35510.186,35527.801,-3.642,16.75,0.2923426497090502,-1.0,5.0,0.9991,7.0296,1.0,0.03071275212073593,5.012222876878677,,23.138,3.986,3648939.0
25178,HMSDIS,LD2,I,0.2500167881672161,3.2980601986014344,10.6716,19.262,19.891,19.95,19.98,16232.74,16762.988,16816.016,16837.769,-3.642,16.75,0.2923426497090502,-1.0,5.0,0.9991,7.0296,1.006948,0.03071275212073593,5.045834933226225,,31.895,5.274,4444623.0
25186,HMSDIS,LH2,I,0.2500167881672161,3.2980601986014344,10.6716,24.357,25.139,25.21,25.22,18917.81,19524.855,19581.927,19593.481,-3.642,16.75,0.2923426497090502,-1.0,2.0,0.9991,7.0296,1.010737,0.03071275212073593,2.026476533626716,,17.035,3.535,2745586.0
25212,HMSDIS,LH2,I,0.2500167881672161,3.2980601986014344,10.6716,15.668,16.294,16.19,16.21,13170.084,13696.298,13614.674,13626.419,-3.642,16.75,0.2923426497090502,-1.0,2.0,0.9991,7.0296,1.006184,0.03071275212073593,2.0172873852597175,,11.074,2.301,1934497.0
25215,HMSDIS,Dummy,I,0.2500167881672161,3.2980601986014344,10.6716,38.141,39.587,39.75,39.77,31917.177,33127.07,33265.61,33284.064,-3.642,16.75,0.2923426497090502,-1.0,3.0,0.999,7.0296,1.0,0.03071275212073593,3.009774996745681,,23.598,4.068,3404291.0
25232,HMSDIS,LD2,I,0.2500167881672161,3.2980601986014344,10.6716,23.76,24.513,24.37,24.34,18271.433,18850.168,18741.484,18721.718,-3.642,16.75,0.2923426497090502,-1.0,5.0,0.9991,7.0296,1.008562,0.03071275212073593,5.0518993267496946,,39.42,6.512,5007416.0
25238,HMSDIS,LH2,I,0.2500167881672161,3.2980601986014344,10.6716,24.238,25.043,24.89,24.87,20231.999,20904.264,20782.892,20766.593,-3.642,16.75,0.2923426497090502,-1.0,2.0,0.9991,7.0296,1.01049,0.03071275212073593,2.0264887299569434,,17.045,3.538,2953052.0
25243,HMSDIS,Dummy,I,0.2500167881672161,3.2980601986014344,10.6716,39.283,40.624,40.57,40.47,37298.191,38571.784,38521.062,38433.572,-3.642,16.75,0.2923426497090502,-1.0,3.0,0.9991,7.0296,1.0,0.03071275212073593,3.008358145502515,,24.282,4.187,3975175.0
25250,HMSDIS,C,I,0.2500167881672161,3.2980601986014344,10.6716,24.174,25.058,25.0,25.01,22373.775,23192.204,23142.403,23150.231,-3.642,16.75,0.2923426497090502,-1.0,3.0,0.9991,7.0296,1.0,0.03071275212073593,3.0061294197274595,,25.223,4.305,3984307.0
25253,HMSDIS,Cu,I,0.2500167881672161,3.2980601986014344,10.6716,48.89,50.703,50.67,50.65,43106.465,44705.367,44676.87,44658.395,-3.642,16.75,0.2923426497090502,-1.0,5.0,0.999,7.0296,1.0,0.03071275212073593,5.005005005005005,,44.356,6.636,5851181.0
25260,HMSDIS,LD2,I,0.2500167881672161,3.2980601986014344,10.6716,23.777,24.407,24.37,24.38,22006.663,22590.015,22561.71,22564.577,-3.642,16.75,0.2923426497090502,-1.0,5.0,0.999,7.0296,1.008525,0.03071275212073593,5.047672672672672,,39.223,6.492,6008937.0
25267,HMSDIS,LH2,I,0.2500167881672161,3.2980601986014344,10.6716,27.377,28.046,27.95,27.97,26059.83,26697.145,26605.857,26627.502,-3.642,16.75,0.2923426497090502,-1.0,3.0,0.9991,7.0296,1.012793,0.03071275212073593,3.048523917523546,,19.032,3.953,3763190.0
25270,HMSDIS,Dummy,I,0.2500167881672161,3.2980601986014344,10.6716,38.954,39.765,39.68,39.71,36627.609,37389.693,37313.359,37339.304,-3.642,16.75,0.2923426497090502,-1.0,3.0,0.999,7.0296,1.0,0.03071275212073593,3.0080565379868207,,23.753,4.103,3857856.0
25274,HMSDIS,C,I,0.2500167881672161,3.2980601986014344,10.6716,50.684,52.217,52.34,52.34,45036.108,46397.877,46513.104,46509.653,-3.642,16.75,0.2923426497090502,-1.0,9.0,0.9989,7.0296,1.0,0.03071275212073593,9.00991090199219,,52.706,8.989,7986950.0
25278,HMSDIS,Cu,I,0.2500167881672161,3.2980601986014344,10.6716,53.849,55.835,56.11,56.08,40265.031,41750.236,41959.384,41934.511,-3.642,16.75,0.2923426497090502,-1.0,5.0,0.999,7.0296,1.0,0.03071275212073593,5.005005005005005,,48.726,7.302,5459876.0
25284,HMSDIS,LD2,I,0.2500167881672161,3.2980601986014344,10.6716,9.651,10.064,10.04,10.05,7798.174,8131.935,8116.252,8121.887,-3.642,16.75,0.2923426497090502,-1.0,2.0,0.9992,7.0296,1.003515,0.03071275212073593,2.0123194541286775,,16.191,2.683,2167670.0
25291,HMSDIS,LH2,I,0.2500167881672161,3.2980601986014344,10.6716,20.99,21.822,21.86,21.89,18560.042,19296.545,19337.299,19355.906,-3.642,16.75,0.2923426497090502,-1.0,2.0,0.9991,7.0296,1.008461,0.03071275212073593,2.0240012682759985,,14.79,3.076,2719835.0
25294,HMSDIS,Dummy,I,0.2500167881672161,3.2980601986014344,10.6716,37.11,38.588,38.4,38.39,29334.563,30503.207,30355.646,30350.67,-3.642,16.75,0.2923426497090502,-1.0,3.0,0.999,7.0296,1.0,0.03071275212073593,3.0096241761906226,,23.023,3.976,3143314.0
25297,HMSDIS,C,I,0.2500167881672161,3.2980601986014344,10.6716,33.761,35.11,35.24,35.28,18222.665,18950.972,19024.015,19044.937,-3.642,16.75,0.2923426497090502,-1.0,5.0,0.999,7.0296,1.0,0.03071275212073593,5.006206494563701,,35.301,6.025,3252071.0
25302,HMSDIS,Cu,I,0.2500167881672161,3.2980601986014344,10.6716,43.308,45.095,45.44,45.54,36592.717,38102.693,38400.939,38479.551,-3.642,16.75,0.2923426497090502,-1.0,5.0,0.999,7.0296,1.0,0.03071275212073593,5.005005005005005,,39.434,5.902,4986997.0
25308,HMSDIS,Al,I,0.2500167881672161,3.2980601986014344,10.6716,24.445,25.472,25.5,25.54,21396.478,22295.863,22327.489,22355.296,-3.642,16.75,0.2923426497090502,-1.0,1.0,0.9991,7.0296,1.0,0.03071275212073593,1.006082133718306,,6.862,1.415,1238285.0
25335,HMSDIS,LH2,I,0.2500167881672161,3.2980601986014344,10.6716,9.622,10.107,10.09,10.11,8319.46,8739.107,8727.76,8742.514,-3.642,16.75,0.2923426497090502,-1.0,1.0,0.9992,7.0296,1.003026,0.03071275212073593,1.0082451771264143,,6.926,1.439,1244562.0
25361,HMSDIS,LH2,I,0.2500167881672161,3.2980601986014344,10.6716,29.234,30.497,30.61,30.6,17375.008,18125.798,18194.542,18188.247,-3.642,16.75,0.2923426497090502,-1.0,2.0,0.9991,7.0296,1.008929,0.03071275212073593,2.024920251588939,,20.788,4.306,2559090.0
25367,HMSDIS,LD2,I,0.2500167881672161,3.2980601986014344,10.6716,19.794,20.711,20.63,20.62,12092.903,12652.872,12604.332,12598.266,-3.642,16.75,0.2923426497090502,-1.0,3.0,0.999,7.0296,1.007234,0.03071275212073593,3.0259673733498,,33.244,5.498,3358941.0
25369,HMSDIS,Dummy,I,0.2500167881672161,3.2980601986014344,10.6716,36.767,38.43,38.58,38.55,14193.008,14835.075,14894.098,14884.901,-3.642,16.75,0.2923426497090502,-1.0,1.0,0.9991,7.0296,1.0,0.03071275212073593,1.3116418911657295,,22.931,3.954,1526339.0
25373,HMSDIS,C,I,0.2500167881672161,3.2980601986014344,10.6716,26.754,27.984,27.98,27.98,14691.873,15367.7,15368.164,15366.026,-3.642,16.75,0.2923426497090502,-1.0,3.0,0.9989,7.0296,1.0,0.03071275212073593,3.008176880543878,,28.107,4.795,2633104.0
25378,HMSDIS,Cu,I,0.2500167881672161,3.2980601986014344,10.6716,53.516,56.055,56.16,56.15,51133.744,53560.283,53667.16,53656.404,-3.642,16.75,0.2923426497090502,-1.0,9.0,0.9989,7.0296,1.0,0.03071275212073593,9.00991090199219,,48.816,7.306,6980774.0
25391,HMSDIS,LH2,I,0.2500167881672161,3.2980601986014344,10.6716,28.694,30.022,30.08,30.05,25244.692,26413.201,26467.007,26437.338,-3.642,16.75,0.2923426497090502,-1.0,3.0,0.9991,7.0296,1.008873,0.03071275212073593,3.0369682010544294,,20.462,4.241,3731178.0
25396,HMSDIS,LH2,I,0.2500167881672161,3.2980601986014344,10.6716,9.68,10.165,10.14,10.14,9061.459,9515.889,9495.715,9493.304,-3.642,16.75,0.2923426497090502,-1.0,1.0,0.9992,7.0296,1.003081,0.03071275212073593,1.0102690074126768,,6.933,1.445,1352834.0
25397,HMSDIS,LH2,I,0.2500167881672161,3.2980601986014344,10.6716,19.488,20.309,20.3,20.3,6182.78,6443.251,6442.795,6442.17,-3.642,16.75,0.2923426497090502,-1.0,2.0,0.9992,7.0296,1.005972,0.03071275212073593,2.0135548438751,,13.84,2.88,913542.0
25399,HMSDIS,LH2,I,0.2500167881672161,3.2980601986014344,10.6716,34.107,35.583,35.63,35.61,7726.791,8061.263,8072.152,8067.42,-3.642,16.75,0.2923426497090502,-1.0,3.0,0.999,7.0296,1.009821,0.03071275212073593,3.040034781754246,,24.219,5.024,1138226.0
25400,HMSDIS,LH2,I,0.2500167881672161,3.2980601986014344,10.6716,43.856,45.776,45.93,45.88,11842.397,12360.967,12402.744,12389.651,-3.642,16.75,0.2923426497090502,-1.0,5.0,0.999,7.0296,1.012435,0.03071275212073593,5.0701829483522864,,31.156,6.449,1741367.0
25401,HMSDIS,LH2,I,0.2500167881672161,3.2980601986014344,10.6716,57.587,60.257,60.6,60.53,11907.189,12459.238,12531.933,12517.705,-3.642,16.75,0.2923426497090502,-1.0,5.0,0.9988,7.0296,1.015966,0.03071275212073593,5.096278565231111,,40.903,8.462,1749721.0
25402,HMSDIS,LH2,I,0.2500167881672161,3.2980601986014344,10.6716,57.59,60.217,60.56,60.5,13752.781,14380.271,14462.65,14447.766,-3.642,16.75,0.2923426497090502,-1.0,5.0,0.9991,7.0296,1.021955,0.03071275212073593,5.1202149852292935,,40.477,8.386,2002743.0
25403,HMSDIS,LH2,I,0.2500167881672161,3.2980601986014344,10.6716,43.263,45.126,45.26,45.21,10022.791,10454.339,10487.335,10473.85,-3.642,16.75,0.2923426497090502,-1.0,5.0,0.999,7.0296,1.016714,0.03071275212073593,5.098498761267906,,30.548,6.332,1466936.0
25404,HMSDIS,LH2,I,0.2500167881672161,3.2980601986014344,10.6716,33.518,34.971,35.0,34.98,10560.238,11018.095,11028.685,11022.76,-3.642,16.75,0.2923426497090502,-1.0,5.0,0.9991,7.0296,1.013349,0.03071275212073593,5.071309178260434,,23.717,4.916,1548934.0
25405,HMSDIS,LH2,I,0.2500167881672161,3.2980601986014344,10.6716,18.946,19.813,19.8,19.79,5012.372,5241.699,5238.786,5235.904,-3.642,16.75,0.2923426497090502,-1.0,3.0,0.9992,7.0296,1.00759,0.03071275212073593,3.0251901521216973,,13.475,2.8,740760.0
25406,HMSDIS,LH2,I,0.2500167881672161,3.2980601986014344,10.6716,9.291,9.761,9.732,9.728,3008.446,3160.712,3151.278,3149.86,-3.642,16.75,0.2923426497090502,-1.0,1.0,0.9991,7.0296,1.003686,0.03071275212073593,1.01001390579211,,6.654,1.386,448801.0
25407,HMSDIS,LH2,I,0.2500167881672161,3.2980601986014344,10.6716,9.307,9.782,9.753,9.743,3335.996,3506.342,3495.952,3492.366,-3.642,16.75,0.2923426497090502,-1.0,1.0,0.9992,7.0296,1.003478,0.03071275212073593,1.0109231905017084,,6.658,1.39,498148.0
25408,HMSDIS,LH2,I,0.2500167881672161,3.2980601986014344,10.6716,16.865,17.653,17.64,17.62,3113.032,3258.476,3257.112,3253.094,-3.642,16.75,0.2923426497090502,-1.0,2.0,0.9992,7.0296,1.006835,0.03071275212073593,2.0152822257806244,,11.987,2.492,459957.0
25409,HMSDIS,LH2,I,0.2500167881672161,3.2980601986014344,10.6716,33.527,35.003,35.04,34.99,7218.1,7535.964,7545.119,7533.26,-3.642,16.75,0.2923426497090502,-1.0,3.0,0.999,7.0296,1.015575,0.03071275212073593,3.057448971693726,,23.685,4.909,1056875.0
25410,HMSDIS,LH2,I,0.2500167881672161,3.2980601986014344,10.6716,43.182,45.026,45.16,45.08,10947.737,11415.049,11450.937,11429.841,-3.642,16.75,0.2923426497090502,-1.0,5.0,0.9989,7.0296,1.022077,0.03071275212073593,5.124416657193058,,30.315,6.29,1594566.0
25411,HMSDIS,LH2,I,0.2500167881672161,3.2980601986014344,10.6716,57.596,60.182,60.52,60.43,15290.819,15977.534,16067.603,16044.546,-3.642,16.75,0.2923426497090502,-1.0,5.0,0.999,7.0296,1.033204,0.03071275212073593,5.181190889608135,,40.007,8.305,2204773.0
25412,HMSDIS,LH2,I,0.2500167881672161,3.2980601986014344,10.6716,57.593,60.149,60.49,60.43,15645.195,16339.38,16432.175,16416.202,-3.642,16.75,0.2923426497090502,-1.0,5.0,0.999,7.0296,1.054527,0.03071275212073593,5.2877481244243425,,39.174,8.142,2211891.0
25413,HMSDIS,LH2,I,0.2500167881672161,3.2980601986014344,10.6716,43.171,45.01,45.15,45.06,12613.702,13151.079,13192.24,13166.46,-3.642,16.75,0.2923426497090502,-1.0,5.0,0.9989,7.0296,1.029799,0.03071275212073593,5.154665131644808,,30.001,6.229,1819920.0
25414,HMSDIS,LH2,I,0.2500167881672161,3.2980601986014344,10.6716,33.611,35.086,35.12,35.08,9517.126,9934.715,9946.09,9934.662,-3.642,16.75,0.2923426497090502,-1.0,3.0,0.9992,7.0296,1.015517,0.03071275212073593,3.0554677838554967,,23.743,4.931,1396102.0
25415,HMSDIS,LH2,I,0.2500167881672161,3.2980601986014344,10.6716,18.983,19.819,19.81,19.8,5660.038,5909.267,5907.08,5905.254,-3.642,16.75,0.2923426497090502,-1.0,2.0,0.9992,7.0296,1.007815,0.03071275212073593,2.024024276361841,,13.457,2.802,835432.0
25416,HMSDIS,LH2,I,0.2500167881672161,3.2980601986014344,10.6716,9.332,9.778,9.752,9.748,2326.853,2438.058,2431.562,2430.612,-3.642,16.75,0.2923426497090502,-1.0,1.0,0.9991,7.0296,1.003297,0.03071275212073593,1.0109844866077706,,6.66,1.391,346760.0
25417,HMSDIS,LH2,I,0.2500167881672161,3.2980601986014344,10.6716,9.368,9.807,9.781,9.777,2680.914,2806.442,2799.084,2797.847,-3.642,16.75,0.2923426497090502,-1.0,1.0,0.9992,7.0296,1.001873,0.03071275212073593,1.0095095195595076,,6.672,1.396,399454.0
25418,HMSDIS,LH2,I,0.2500167881672161,3.2980601986014344,10.6716,19.047,19.775,19.77,19.77,4935.903,5124.56,5124.255,5124.549,-3.642,16.75,0.2923426497090502,-1.0,2.0,0.9991,7.0296,1.007226,0.03071275212073593,2.0232265392710707,,13.416,2.788,722378.0
25420,HMSDIS,LH2,I,0.2500167881672161,3.2980601986014344,10.6716,31.217,32.382,32.43,32.42,7429.711,7706.908,7718.807,7716.195,-3.642,16.75,0.2923426497090502,-1.0,3.0,0.9991,7.0296,1.01842,0.03071275212073593,3.0580122109898915,,21.716,4.513,1074038.0
25421,HMSDIS,LH2,I,0.2500167881672161,3.2980601986014344,10.6716,43.167,44.998,45.15,45.09,12228.639,12747.231,12792.933,12773.955,-3.642,16.75,0.2923426497090502,-1.0,5.0,0.9989,7.0296,1.035373,0.03071275212073593,5.192223357850247,,29.811,6.198,1755948.0
25422,HMSDIS,LH2,I,0.2500167881672161,3.2980601986014344,10.6716,57.636,60.182,60.55,60.5,15224.206,15896.849,15994.913,15982.631,-3.642,16.75,0.2923426497090502,-1.0,5.0,0.999,7.0296,1.072835,0.03071275212073593,5.374704260634753,,38.292,7.98,2107785.0
25431,HMSDIS,LH2,I,0.2500167881672161,3.2980601986014344,10.6716,28.124,29.413,29.22,29.13,24243.761,25354.477,25192.66,25111.389,-3.642,16.75,0.2923426497090502,-1.0,3.0,0.9991,7.0296,1.009955,0.03071275212073593,3.0399814899219217,,19.984,4.153,3579739.0
25456,HMSDIS,LH2,I,0.2500167881672161,3.2980601986014344,10.6716,43.708,45.71,45.64,45.6,26923.79,28157.136,28116.934,28093.516,3.642,16.75,0.2923426497090502,-1.0,3.0,0.9864,7.0296,1.013308,0.03071275212073593,3.0863121355649388,,67.332,0.299,183996.0
25461,HMSDIS,Cu,I,0.2500167881672161,3.2980601986014344,10.6716,46.912,49.058,49.41,49.41,34493.465,36071.755,36335.966,36331.717,3.642,16.75,0.2923426497090502,-1.0,5.0,0.989,7.0296,1.0,0.03071275212073593,5.06016587830969,,97.248,0.418,307209.0
25470,HMSDIS,Cu,I,0.2500167881672161,3.2980601986014344,10.6716,16.875,17.675,17.55,17.51,11384.248,11923.632,11845.781,11812.722,3.642,16.75,0.2923426497090502,-1.0,2.0,0.9896,7.0296,1.0,0.03071275212073593,2.025494937182232,,35.302,0.149,100264.0
25471,HMSDIS,C,I,0.2500167881672161,3.2980601986014344,10.6716,17.052,17.862,17.74,17.72,13115.98,13738.966,13649.392,13634.633,3.642,16.75,0.2923426497090502,-1.0,2.0,0.9877,7.0296,1.0,0.03071275212073593,2.029533684882934,,36.243,0.15,115392.0
25472,HMSDIS,Al,I,0.2500167881672161,3.2980601986014344,10.6716,33.658,35.188,35.15,35.14,33128.758,34635.488,34605.108,34593.638,3.642,16.75,0.2923426497090502,-1.0,2.0,0.9879,7.0296,1.0,0.03071275212073593,2.032667730796681,,19.014,0.079,78208.0
25473,HMSDIS,LD2,I,0.2500167881672161,3.2980601986014344,10.6716,9.693,10.186,10.16,10.16,6959.233,7313.013,7297.711,7301.136,3.642,16.75,0.2923426497090502,-1.0,2.0,0.988,7.0296,1.003558,0.03071275212073593,2.038445024659595,,30.025,0.129,92937.0
27113,HMSDIS,LH2,II,0.22025059293821722,2.183929871274878,6.449,28.033,27.895,24.53,38.18,27419.078,27283.873,23995.331,37345.455,-1.165,31.278,0.5459040834387864,17.0,-1.0,0.9996,5.284,1.0,0.013158226744883516,17.025019491944814,,45.079,0.799,781651.0
27114,HMSDIS,LH2,II,0.22025059293821722,2.183929871274878,6.449,27.736,27.607,24.22,37.7,21643.945,21543.523,18905.657,29426.549,-1.165,31.278,0.5459040834387864,-1.0,1.0,0.9766,5.284,1.0,0.013158226744883516,1.025016446850147,,44.597,0.79,616391.0
27115,HMSDIS,LH2,II,0.22025059293821722,2.183929871274878,6.449,27.379,27.257,23.97,37.35,16390.539,16317.804,14354.462,22364.336,-1.165,31.278,0.5459040834387864,-1.0,1.0,0.9998,5.284,1.0,0.013158226744883516,1.0033706913928029,,44.009,0.781,467475.0
27118,HMSDIS,LH2,II,0.22025059293821722,2.183929871274878,6.449,27.22,27.13,24.03,37.45,24578.551,24497.881,21698.749,33820.725,-1.165,31.278,0.5459040834387864,17.0,-1.0,0.9996,5.284,1.0,0.013158226744883516,17.008163374158368,,43.998,0.781,705177.0
27119,HMSDIS,LH2,II,0.22025059293821722,2.183929871274878,6.449,27.507,27.399,24.29,37.86,27946.883,27837.348,24679.265,38472.524,-1.165,31.278,0.5459040834387864,-1.0,1.0,0.9998,5.284,1.0,0.013158226744883516,1.0035519033652416,,44.452,0.788,800422.0
27134,HMSDIS,LH2,II,0.22025059293821722,2.183929871274878,6.449,27.636,27.533,24.24,37.78,25263.442,25169.056,22159.356,34536.556,-1.165,31.278,0.5459040834387864,-1.0,1.0,0.9998,5.284,1.0,0.013158226744883516,1.003592181581748,,44.688,0.796,728013.0
27138,HMSDIS,Dummy,II,0.22025059293821722,2.183929871274878,6.449,40.718,40.542,35.65,55.55,37057.18,36897.56,32450.888,50556.741,-1.165,31.278,0.5459040834387864,-1.0,1.0,0.9998,5.284,1.0,0.013158226744883516,1.0003701029254988,,24.296,0.412,375370.0
27159,HMSDIS,LH2,II,0.22025059293821722,2.183929871274878,6.449,50.77,50.595,44.77,69.75,46581.342,46420.994,41082.946,64003.582,-1.165,31.278,0.5459040834387864,-1.0,2.0,0.9998,5.284,1.0,0.013158226744883516,2.0021619825606565,,82.248,1.444,1325310.0
27161,HMSDIS,Dummy,II,0.22025059293821722,2.183929871274878,6.449,41.67,41.475,36.5,56.88,41727.12,41532.06,36554.818,56958.869,-1.165,31.278,0.5459040834387864,-1.0,2.0,0.9997,5.284,1.0,0.013158226744883516,2.000960352917541,,24.943,0.419,419708.0
27174,HMSDIS,LH2,II,0.22025059293821722,2.183929871274878,6.449,30.98,30.825,27.28,42.5,27589.267,27451.817,24302.142,37857.334,-1.165,31.278,0.5459040834387864,-1.0,1.0,0.9998,5.284,1.0,0.013158226744883516,1.0056203336061387,,50.2,0.886,789180.0
27175,HMSDIS,LH2,II,0.22025059293821722,2.183929871274878,6.449,30.935,30.786,27.24,42.45,27607.681,27474.971,24317.122,37887.184,-1.165,31.278,0.5459040834387864,17.0,-1.0,0.9998,5.284,1.0,0.013158226744883516,17.024340619097515,,50.14,0.885,789836.0
27179,HMSDIS,Dummy,II,0.22025059293821722,2.183929871274878,6.449,40.596,40.391,35.79,55.76,41142.55,40934.349,36275.579,56515.112,-1.165,31.278,0.5459040834387864,-1.0,1.0,0.9999,5.284,1.0,0.013158226744883516,1.0005202284969688,,24.279,0.409,414990.0
27192,HMSDIS,LH2,II,0.44067515755994247,4.369584786515816,6.449,55.732,55.566,49.48,77.07,49816.134,49667.423,44228.382,68895.559,-1.165,44.83,0.7824311036690579,-1.0,1.0,0.9999,5.284,1.0,0.01985849246578104,1.000100010001,,11.464,0.196,174835.0
27194,HMSDIS,LH2,II,0.44067515755994247,4.369584786515816,6.449,56.147,55.993,49.57,77.12,37118.127,37016.072,32774.277,50988.913,-1.165,44.83,0.7824311036690579,5.0,-1.0,0.9999,5.284,1.0,0.01985849246578104,5.002551095954342,,11.544,0.197,130418.0
27197,HMSDIS,Dummy,II,0.44067515755994247,4.369584786515816,6.449,41.577,41.362,36.67,57.14,36507.947,36319.804,32203.258,50176.202,-1.165,44.83,0.7824311036690579,-1.0,1.0,0.9998,5.284,1.0,0.01985849246578104,1.0002800624129946,,4.331,0.053,46595.0
27214,HMSDIS,LH2,II,0.44067515755994247,4.369584786515816,6.449,69.002,69.098,59.19,91.96,61620.157,61705.906,52863.522,82129.408,-1.165,44.83,0.7824311036690579,-1.0,1.0,0.9999,5.284,1.0,0.01985849246578104,1.0001400156016242,,14.128,0.238,212799.0
27215,HMSDIS,LH2,II,0.44067515755994247,4.369584786515816,6.449,70.78,70.906,61.4,94.2,68089.25,68210.69,59066.279,90625.828,-1.165,44.83,0.7824311036690579,5.0,-1.0,0.9999,5.284,1.0,0.01985849246578104,5.00660811190152,,14.481,0.244,234964.0
27220,HMSDIS,Dummy,II,0.44067515755994247,4.369584786515816,6.449,40.594,40.46,35.48,55.2,37678.254,37554.603,32932.229,51236.852,-1.165,44.83,0.7824311036690579,-1.0,1.0,0.9999,5.284,1.0,0.01985849246578104,1.0002100331046417,,4.227,0.051,47742.0
27247,HMSDIS,LD2,II,0.44067515755994247,4.369584786515816,6.449,29.116,29.015,25.57,39.76,23795.846,23713.207,20898.263,32501.517,-1.165,44.83,0.7824311036690579,-1.0,1.0,0.9999,5.284,1.0,0.01985849246578104,1.0001400156016242,,21.941,0.187,152522.0
27248,HMSDIS,LD2,II,0.44067515755994247,4.369584786515816,6.449,29.073,28.967,25.6,39.89,24924.293,24833.526,21947.319,34199.335,-1.165,44.83,0.7824311036690579,9.0,-1.0,0.9999,5.284,1.0,0.01985849246578104,9.010721776745653,,21.916,0.187,160148.0
27262,HMSDIS,LH2,II,0.44067515755994247,4.369584786515816,6.449,60.189,60.041,53.17,82.48,66116.647,65953.553,58407.747,90609.574,-1.165,44.83,0.7824311036690579,-1.0,1.0,0.9998,5.284,1.0,0.01985849246578104,1.000440145642956,,12.35,0.21,230555.0
27264,HMSDIS,LH2,II,0.44067515755994247,4.369584786515816,6.449,59.313,59.177,52.39,81.43,48441.85,48330.73,42791.38,66512.603,-1.165,44.83,0.7824311036690579,5.0,-1.0,0.9999,5.284,1.0,0.01985849246578104,5.0060066573280615,,12.034,0.204,166933.0
27270,HMSDIS,Dummy,II,0.44067515755994247,4.369584786515816,6.449,39.949,39.845,35.11,54.49,33633.984,33546.694,29567.371,45883.873,-1.165,44.83,0.7824311036690579,-1.0,1.0,0.9999,5.284,1.0,0.01985849246578104,1.000100010001,,4.163,0.051,43025.0
27282,HMSDIS,C,II,0.44067515755994247,4.369584786515816,6.449,47.216,47.087,41.79,64.97,11015.741,10985.72,9751.342,15159.115,-1.165,44.83,0.7824311036690579,-1.0,1.0,0.9998,5.284,1.0,0.01985849246578104,1.0008505928933824,,22.844,0.213,49750.0
27283,HMSDIS,C,II,0.44067515755994247,4.369584786515816,6.449,47.431,47.276,41.86,65.02,38628.964,38502.605,34091.554,52955.253,-1.165,44.83,0.7824311036690579,-1.0,1.0,0.9998,5.284,1.0,0.01985849246578104,1.0002000400080016,,22.941,0.215,174963.0
27284,HMSDIS,C,II,0.44067515755994247,4.369584786515816,6.449,47.319,47.112,41.59,64.6,42321.029,42135.453,37203.279,57776.869,-1.165,44.83,0.7824311036690579,9.0,-1.0,0.9996,5.284,1.0,0.01985849246578104,9.01270427189084,,22.873,0.213,190287.0
27295,HMSDIS,Cu,II,0.44067515755994247,4.369584786515816,6.449,47.786,47.604,42.17,65.42,43889.9,43722.992,38733.463,60087.717,-1.165,44.83,0.7824311036690579,-1.0,1.0,0.9998,5.284,1.0,0.01985849246578104,1.0006403217495714,,25.565,0.209,191612.0
27297,HMSDIS,Cu,II,0.44067515755994247,4.369584786515816,6.449,48.328,48.121,42.63,66.29,43497.575,43311.338,38374.513,59669.08,-1.165,44.83,0.7824311036690579,9.0,-1.0,0.9993,5.284,1.0,0.01985849246578104,9.016944407490001,,25.844,0.211,189485.0
27298,HMSDIS,Al,II,0.44067515755994247,4.369584786515816,6.449,40.443,40.292,35.74,55.72,70956.251,70691.277,62717.193,97766.411,-1.165,44.83,0.7824311036690579,-1.0,1.0,0.9998,5.284,1.0,0.01985849246578104,1.0002000400080016,,5.234,0.064,111522.0
27299,HMSDIS,Al,II,0.44067515755994247,4.369584786515816,6.449,39.698,39.565,35.13,54.76,67405.424,67179.659,59663.174,92979.392,-1.165,44.83,0.7824311036690579,2.0,-1.0,0.9997,5.284,1.0,0.01985849246578104,2.002402342161962,,5.138,0.063,106252.0
27372,HMSDIS,LH2,II,0.44067515755994247,4.369584786515816,6.449,68.241,68.165,60.16,90.84,62481.816,62412.388,55089.45,83173.153,-1.165,44.83,0.7824311036690579,-1.0,1.0,0.9999,5.284,1.0,0.01985849246578104,1.0001500175018752,,13.908,0.236,216426.0
27373,HMSDIS,LH2,II,0.44067515755994247,4.369584786515816,6.449,68.473,68.357,60.34,91.17,58550.689,58451.599,51597.286,77959.018,-1.165,44.83,0.7824311036690579,5.0,-1.0,0.9998,5.284,1.0,0.01985849246578104,5.006557478841522,,13.956,0.236,202026.0
27379,HMSDIS,Dummy,II,0.44067515755994247,4.369584786515816,6.449,39.407,39.232,34.78,54.24,36560.197,36397.29,32270.604,50322.404,-1.165,44.83,0.7824311036690579,-1.0,1.0,0.9998,5.284,1.0,0.01985849246578104,1.0002000400080016,,4.104,0.051,47052.0
27415,HMSDIS,LD2,II,0.44067515755994247,4.369584786515816,6.449,28.564,28.432,25.1,38.99,24950.468,24835.497,21931.97,34064.357,-1.165,44.83,0.7824311036690579,-1.0,1.0,0.9998,5.284,1.0,0.01985849246578104,1.0009407361527545,,21.529,0.183,159612.0
27417,HMSDIS,LD2,II,0.44067515755994247,4.369584786515816,6.449,28.01,27.899,24.74,38.54,23250.237,23157.957,20541.568,31998.143,-1.165,44.83,0.7824311036690579,9.0,-1.0,0.9997,5.284,1.0,0.01985849246578104,9.012885370711977,,21.104,0.179,148479.0
27430,HMSDIS,LH2,II,0.44067515755994247,4.369584786515816,6.449,57.734,57.523,51.31,79.91,54662.682,54463.666,48583.694,75663.848,-1.165,44.83,0.7824311036690579,-1.0,1.0,0.9999,5.284,1.0,0.01985849246578104,1.000100010001,,11.813,0.199,188480.0
27431,HMSDIS,LH2,II,0.44067515755994247,4.369584786515816,6.449,60.447,60.26,53.76,83.72,53842.223,53675.204,47891.586,74574.878,-1.165,44.83,0.7824311036690579,5.0,-1.0,0.9998,5.284,1.0,0.01985849246578104,5.005855880243844,,12.367,0.209,185843.0
27438,HMSDIS,Dummy,II,0.44067515755994247,4.369584786515816,6.449,39.895,39.706,35.21,54.74,36055.239,35884.657,31826.576,49477.341,-1.165,44.83,0.7824311036690579,-1.0,1.0,0.9999,5.284,1.0,0.01985849246578104,1.000100010001,,4.158,0.051,45815.0
27452,HMSDIS,LH2,II,0.16039845261724286,1.5904564310313918,6.449,21.206,21.119,18.74,29.25,17188.236,17117.601,15194.692,23709.629,-1.165,26.6,0.4642575810304917,-1.0,2.0,0.9998,5.284,1.0,0.010471033601452939,2.0013607331679237,,67.973,1.309,1061209.0
27453,HMSDIS,LH2,II,0.16039845261724286,1.5904564310313918,6.449,21.128,21.033,18.68,29.15,18830.121,18745.017,16651.791,25982.144,-1.165,26.6,0.4642575810304917,33.0,-1.0,0.9996,5.284,1.0,0.010471033601452939,33.042613207867845,,67.744,1.308,1165540.0
27457,HMSDIS,Dummy,II,0.16039845261724286,1.5904564310313918,6.449,46.931,46.75,41.58,64.97,37664.608,37519.417,33372.828,52144.17,-1.165,26.6,0.4642575810304917,-1.0,2.0,0.9997,5.284,1.0,0.010471033601452939,2.001160504995415,,51.369,1.027,823997.0
27469,HMSDIS,LH2,II,0.16039845261724286,1.5904564310313918,6.449,64.454,64.265,57.16,88.12,47329.022,47190.47,41978.432,64713.139,-1.165,26.6,0.4642575810304917,-1.0,5.0,0.9997,5.284,1.0,0.010471033601452939,5.006356616052612,,203.702,3.955,2903991.0
27470,HMSDIS,LH2,II,0.16039845261724286,1.5904564310313918,6.449,63.571,63.425,56.39,86.91,86355.451,86157.597,76611.996,118066.04,-1.165,26.6,0.4642575810304917,65.0,-1.0,0.9998,5.284,1.0,0.010471033601452939,65.10740834261689,,201.006,3.909,5310282.0
27472,HMSDIS,Dummy,II,0.16039845261724286,1.5904564310313918,6.449,50.529,50.326,44.73,69.92,-999.0,-999.0,-999.0,1262.726,-1.165,26.6,0.4642575810304917,-1.0,5.0,0.9996,5.284,1.0,0.010471033601452939,5.002000800320128,,55.437,1.103,19911.0
27484,HMSDIS,LH2,II,0.16039845261724286,1.5904564310313918,6.449,24.926,24.816,22.01,34.41,20800.856,20709.256,18370.491,28716.42,-1.165,26.6,0.4642575810304917,-1.0,5.0,0.9998,5.284,1.0,0.010471033601452939,5.001000200040008,,79.803,1.543,1287537.0
27485,HMSDIS,LH2,II,0.16039845261724286,1.5904564310313918,6.449,25.015,24.903,22.1,34.54,21669.431,21572.753,19147.549,29926.509,-1.165,26.6,0.4642575810304917,12.0,-1.0,0.9997,5.284,1.0,0.010471033601452939,129.05710225055475,,80.084,1.549,1341468.0
27488,HMSDIS,Dummy,II,0.16039845261724286,1.5904564310313918,6.449,50.018,49.806,44.06,68.63,44330.708,44143.283,39052.213,60827.446,-1.165,26.6,0.4642575810304917,-1.0,5.0,0.9997,5.284,1.0,0.010471033601452939,5.002050675709369,,54.807,1.098,972885.0
27491,HMSDIS,LH2,II,0.16039845261724286,1.5904564310313918,6.449,64.558,64.461,57.31,85.91,60829.082,60737.601,54004.087,80947.156,1.165,26.6,0.4642575810304917,-1.0,5.0,0.9986,5.284,1.0,0.010471033601452939,5.007009813739235,,898.372,0.835,786709.0
27494,HMSDIS,Dummy,II,0.16039845261724286,1.5904564310313918,6.449,49.559,49.349,44.0,68.83,45704.014,45510.161,40582.654,63476.424,1.165,26.6,0.4642575810304917,-1.0,5.0,0.9988,5.284,1.0,0.010471033601452939,5.006307587105606,,227.015,0.159,146538.0
27498,HMSDIS,LH2,II,0.16039845261724286,1.5904564310313918,6.449,25.193,25.082,22.25,34.81,24663.722,24554.998,21787.092,34080.793,1.165,26.6,0.4642575810304917,-1.0,5.0,0.9989,5.284,1.0,0.010471033601452939,5.00735877941071,,366.277,0.317,310251.0
27499,HMSDIS,LH2,II,0.16039845261724286,1.5904564310313918,6.449,25.441,25.328,22.49,35.18,23057.333,22954.753,20383.397,31886.815,1.165,26.6,0.4642575810304917,-1.0,5.0,0.9983,5.284,1.0,0.010471033601452939,5.011120257140544,,369.78,0.32,289569.0
27508,HMSDIS,LH2,II,0.22041540436060764,2.185564085211304,6.449,58.067,57.912,51.23,79.75,55343.347,55195.024,48831.599,76017.148,1.165,31.29,0.5461135229490257,-1.0,5.0,0.9984,5.284,1.0,0.013164994055150982,5.0114707353201915,,505.398,0.347,330475.0
27509,HMSDIS,LH2,II,0.22041540436060764,2.185564085211304,6.449,60.006,59.853,52.86,82.39,54534.103,54394.893,48039.696,74876.131,1.165,31.29,0.5461135229490257,-1.0,5.0,0.9981,5.284,1.0,0.013164994055150982,5.0134787325590064,,522.041,0.359,325890.0
27511,HMSDIS,Dummy,II,0.22041540436060764,2.185564085211304,6.449,48.769,48.54,43.09,67.42,40902.912,40710.381,36140.069,56551.148,1.165,31.29,0.5461135229490257,-1.0,1.0,0.9989,5.284,1.0,0.013164994055150982,1.0022237018785698,,153.173,0.081,68224.0
27512,HMSDIS,Dummy,II,0.22041540436060764,2.185564085211304,6.449,49.405,49.173,43.72,68.43,42761.617,42560.816,37848.421,59233.467,1.165,31.29,0.5461135229490257,-1.0,1.0,0.9991,5.284,1.0,0.013164994055150982,1.0020832689870613,,155.147,0.082,70627.0
27517,HMSDIS,LH2,II,0.3104200611266066,3.078019609815708,6.449,69.731,69.58,61.88,92.59,58496.658,58370.33,51915.984,77678.093,1.165,37.33,0.6515314097694832,-1.0,1.0,0.9987,5.284,1.0,0.016419849408347956,1.04056210024199,,310.033,0.148,123839.0
27518,HMSDIS,LH2,II,0.3104200611266066,3.078019609815708,6.449,63.782,63.651,56.58,85.07,56129.362,56013.624,49796.508,74866.08,1.165,37.33,0.6515314097694832,-1.0,2.0,0.9991,5.284,1.0,0.016419849408347956,2.0023222252378754,,283.96,0.135,118881.0
27521,HMSDIS,Dummy,II,0.3104200611266066,3.078019609815708,6.449,50.66,50.466,44.85,70.11,44227.237,44058.614,39157.905,61211.892,1.165,37.33,0.6515314097694832,-1.0,1.0,0.9991,5.284,1.0,0.016419849408347956,1.0014415891878181,,96.307,0.038,33517.0
27522,HMSDIS,Dummy,II,0.3104200611266066,3.078019609815708,6.449,35.632,35.516,31.75,49.4,-999.0,-999.0,-999.0,-999.0,1.165,37.33,0.6515314097694832,-1.0,1.0,1.0,5.284,1.0,0.016419849408347956,-0.001001001001001001,,67.768,0.027,110.0
27523,HMSDIS,Dummy,II,0.3104200611266066,3.078019609815708,6.449,49.361,49.172,43.67,68.27,48829.341,48643.064,43209.139,67543.519,1.165,37.33,0.6515314097694832,-1.0,1.0,0.9991,5.284,1.0,0.016419849408347956,1.0009008107296566,,93.873,0.038,37394.0
27532,HMSDIS,LD2,II,0.3104200611266066,3.078019609815708,6.449,66.399,66.266,58.79,88.36,47971.547,47875.049,42478.339,63842.355,1.165,37.33,0.6515314097694832,-1.0,3.0,0.9988,5.284,1.0,0.016419849408347956,3.0062197363608623,,540.067,0.271,195873.0
27533,HMSDIS,LD2,II,0.3104200611266066,3.078019609815708,6.449,59.952,59.83,53.1,80.19,39199.763,39119.763,34721.044,52434.642,1.165,37.33,0.6515314097694832,-1.0,3.0,0.9987,5.284,1.0,0.016419849408347956,3.005798729799353,,488.488,0.246,160662.0
27560,HMSDIS,LH2,II,0.44067515755994247,4.369584786515816,6.449,68.835,68.654,60.96,91.37,68090.504,67911.487,60301.368,90381.572,1.165,44.83,0.7824311036690579,-1.0,1.0,0.999,5.284,1.0,0.01985849246578104,1.0017924170104393,,101.387,0.042,41108.0
27561,HMSDIS,LH2,II,0.44067515755994247,4.369584786515816,6.449,71.038,70.888,63.01,94.21,64501.544,64365.256,57220.335,85546.126,1.165,44.83,0.7824311036690579,-1.0,1.0,0.9982,5.284,1.0,0.01985849246578104,1.0028863631146805,,104.604,0.043,39256.0
27564,HMSDIS,Dummy,II,0.44067515755994247,4.369584786515816,6.449,49.748,49.559,43.98,68.68,47773.941,47592.175,42236.742,65960.602,1.165,44.83,0.7824311036690579,-1.0,1.0,0.9984,5.284,1.0,0.01985849246578104,1.001602564102564,,49.222,0.018,17209.0
27565,HMSDIS,Dummy,II,0.44067515755994247,4.369584786515816,6.449,50.107,49.913,44.13,68.73,41286.502,41126.247,36361.93,56632.722,1.165,44.83,0.7824311036690579,-1.0,1.0,0.9981,5.284,1.0,0.01985849246578104,1.001903616872057,,49.58,0.018,14875.0
27566,HMSDIS,C,II,0.44067515755994247,4.369584786515816,6.449,49.515,49.334,43.84,68.49,48514.162,48336.546,42958.557,67108.817,1.165,44.83,0.7824311036690579,-1.0,1.0,0.9989,5.284,1.0,0.01985849246578104,1.001381598179956,,185.902,0.051,50158.0
27567,HMSDIS,C,II,0.44067515755994247,4.369584786515816,6.449,49.341,49.147,43.49,67.77,45285.078,45106.792,39918.779,62203.201,1.165,44.83,0.7824311036690579,-1.0,1.0,0.9985,5.284,1.0,0.01985849246578104,1.0015022533800702,,185.291,0.051,47139.0
27572,HMSDIS,Cu,II,0.44067515755994247,4.369584786515816,6.449,69.718,69.569,61.88,92.72,57658.861,57535.014,51182.128,76688.371,1.165,44.83,0.7824311036690579,-1.0,1.0,0.9986,5.284,1.0,0.01985849246578104,1.0033886723190386,,383.327,0.112,92870.0
27573,HMSDIS,Cu,II,0.44067515755994247,4.369584786515816,6.449,68.23,68.11,60.6,90.88,56182.66,56083.997,49902.956,74835.185,1.165,44.83,0.7824311036690579,-1.0,1.0,0.9988,5.284,1.0,0.01985849246578104,1.002876245059325,,374.209,0.11,90820.0
27574,HMSDIS,Al,II,0.44067515755994247,4.369584786515816,6.449,49.125,48.927,43.58,68.16,45256.125,45074.25,40151.01,62797.44,1.165,44.83,0.7824311036690579,-1.0,1.0,0.9983,5.284,1.0,0.01985849246578104,1.0017028949213664,,59.823,0.02,18694.0
27575,HMSDIS,Al,II,0.44067515755994247,4.369584786515816,6.449,50.573,50.373,44.87,70.17,45709.473,45528.059,40556.696,63429.578,1.165,44.83,0.7824311036690579,-1.0,1.0,0.9986,5.284,1.0,0.01985849246578104,1.0016123013311264,,61.618,0.021,18891.0
27576,HMSDIS,LD2,II,0.44067515755994247,4.369584786515816,6.449,70.817,70.656,62.9,94.21,66423.722,66272.564,58998.135,88371.557,1.165,44.83,0.7824311036690579,-1.0,1.0,0.9985,5.284,1.0,0.01985849246578104,1.0033484144626814,,215.61,0.074,69732.0
27579,HMSDIS,LD2,II,0.44067515755994247,4.369584786515816,6.449,68.68,68.517,60.85,91.51,69136.372,68972.275,61262.707,92126.018,1.165,44.83,0.7824311036690579,-1.0,1.0,0.9984,5.284,1.0,0.01985849246578104,1.0039920652177825,,209.209,0.069,69667.0
27580,HMSDIS,LD2,II,0.44067515755994247,4.369584786515816,6.449,70.773,70.617,62.43,94.2,65515.263,65370.385,57797.256,87208.702,1.165,44.83,0.7824311036690579,-1.0,1.0,0.9984,5.284,1.0,0.01985849246578104,1.0041430460089669,,215.526,0.071,65373.0
27581,HMSDIS,LH2,II,0.44067515755994247,4.369584786515816,6.449,68.568,68.441,60.45,91.24,118650.97,118430.45,104617.92,157893.3,1.165,44.83,0.7824311036690579,-1.0,1.0,0.9988,5.284,1.0,0.01985849246578104,1.0017423826166891,,101.075,0.041,70360.0
27582,HMSDIS,LH2,II,0.44067515755994247,4.369584786515816,6.449,42.803,42.686,37.79,57.96,3008.443,3000.26,2656.478,4073.996,1.165,44.83,0.7824311036690579,-1.0,1.0,0.9923,5.284,1.0,0.01985849246578104,1.007759750075582,,63.345,0.028,1974.0
27660,HMSDIS,LD2,II,0.3104200611266066,3.078019609815708,6.449,18.045,17.985,15.83,24.57,11637.68,11598.743,10211.367,15850.744,-1.165,37.33,0.6515314097694832,-1.0,1.0,0.9998,5.284,1.0,0.016419849408347956,1.0004701669530789,,39.021,0.391,252473.0
27661,HMSDIS,LD2,II,0.3104200611266066,3.078019609815708,6.449,18.344,18.255,16.08,24.96,4625.873,4603.312,4056.616,6295.55,-1.165,37.33,0.6515314097694832,-1.0,1.0,0.9998,5.284,1.0,0.016419849408347956,1.0021341589347457,,39.649,0.397,100146.0
27662,HMSDIS,LD2,II,0.3104200611266066,3.078019609815708,6.449,18.196,18.099,15.95,24.76,15598.742,15515.599,13675.907,21228.45,-1.165,37.33,0.6515314097694832,17.0,-1.0,1.0,5.284,1.0,0.016419849408347956,17.01786876220031,,39.337,0.394,338014.0
27663,HMSDIS,LD2,II,0.3104200611266066,3.078019609815708,6.449,18.378,18.276,16.11,25.0,2597.568,2583.252,2277.01,3534.951,-1.165,37.33,0.6515314097694832,-1.0,1.0,0.9999,5.284,1.0,0.016419849408347956,1.0019937782418773,,39.753,0.4,56566.0
27676,HMSDIS,LH2,II,0.3104200611266066,3.078019609815708,6.449,38.222,38.053,33.67,52.31,41915.392,41730.827,36932.454,57374.25,-1.165,37.33,0.6515314097694832,-1.0,1.0,0.9998,5.284,1.0,0.016419849408347956,1.0012714004064365,,25.646,0.426,467033.0
27677,HMSDIS,LH2,II,0.3104200611266066,3.078019609815708,6.449,37.855,37.691,33.22,51.52,41075.525,40898.43,36052.339,55905.571,-1.165,37.33,0.6515314097694832,17.0,-1.0,0.9997,5.284,1.0,0.016419849408347956,17.012416869713114,,25.404,0.423,458957.0
27680,HMSDIS,Dummy,II,0.3104200611266066,3.078019609815708,6.449,50.159,49.917,44.19,68.72,59085.215,58800.378,52057.121,80950.932,-1.165,37.33,0.6515314097694832,-1.0,1.0,0.9998,5.284,1.0,0.016419849408347956,1.0002200444088898,,13.855,0.193,227807.0
27761,HMSDIS,LH2,II,0.1603308932696417,1.6027238597401487,8.581,40.107,39.893,35.01,54.36,26151.747,26012.18,22831.034,35449.505,-3.254,13.76,0.24015730507441974,-1.0,17.0,0.9991,5.327,1.0,0.03289062584072701,17.015313782404164,,113.487,24.021,15663019.0
27764,HMSDIS,Dummy,II,0.1603308932696417,1.6027238597401487,8.581,47.445,47.269,41.64,64.64,35590.327,35458.594,31237.376,48492.793,-3.254,13.76,0.24015730507441974,-1.0,17.0,0.9994,5.327,1.0,0.03289062584072701,17.010206123674205,,46.581,11.327,8496807.0
27779,HMSDIS,LH2,II,0.1603308932696417,1.6027238597401487,8.581,25.295,25.144,22.06,34.25,22282.964,22149.655,19440.381,30177.023,-3.254,13.76,0.24015730507441974,-1.0,17.0,0.9992,5.327,1.0,0.03289062584072701,17.013610888710968,,71.883,15.219,13406997.0
27780,HMSDIS,LH2,II,0.1603308932696417,1.6027238597401487,8.581,25.082,24.94,21.93,34.07,21406.505,21285.386,18721.138,29080.799,-3.254,13.76,0.24015730507441974,33.0,-1.0,0.9992,5.327,1.0,0.03289062584072701,33.05385583725445,,71.256,15.088,12876860.0
27786,HMSDIS,Dummy,II,0.1603308932696417,1.6027238597401487,8.581,49.642,49.398,43.57,67.71,40633.483,40434.021,35666.436,55429.023,-3.254,13.76,0.24015730507441974,-1.0,3.0,0.9993,5.327,1.0,0.03289062584072701,3.0021014710297207,,48.744,11.863,9710063.0
27792,HMSDIS,LH2,II,0.21978584196030493,2.197056386073021,8.581,29.02,28.873,25.47,39.52,14014.525,13943.862,12301.099,19085.242,-3.254,16.125,0.2814343418840856,-1.0,5.0,0.9994,5.327,1.0,0.04093670440064731,5.007358202717013,,35.259,8.412,4062607.0
27793,HMSDIS,LH2,II,0.21978584196030493,2.197056386073021,8.581,29.55,29.401,25.92,40.21,5649.473,5621.113,4956.193,7687.961,-3.254,16.125,0.2814343418840856,-1.0,5.0,0.9993,5.327,1.0,0.04093670440064731,5.00881179221595,,35.9,8.566,1637685.0
27794,HMSDIS,LH2,II,0.21978584196030493,2.197056386073021,8.581,30.155,30.004,26.43,41.01,27312.934,27176.018,23939.357,37151.059,-3.254,16.125,0.2814343418840856,-1.0,5.0,0.9994,5.327,1.0,0.04093670440064731,5.003001801080648,,36.632,8.738,7914270.0
27795,HMSDIS,LH2,II,0.21978584196030493,2.197056386073021,8.581,29.783,29.615,26.07,40.46,26633.718,26483.692,23319.764,36183.898,-3.254,16.125,0.2814343418840856,17.0,-1.0,0.9994,5.327,1.0,0.04093670440064731,17.026722044056942,,36.194,8.633,7720467.0
27798,HMSDIS,Dummy,II,0.21978584196030493,2.197056386073021,8.581,50.197,49.944,43.97,68.24,53742.771,53470.881,47078.888,73059.212,-3.254,16.125,0.2814343418840856,-1.0,3.0,0.9995,5.327,1.0,0.04093670440064731,3.005016619820377,,22.489,5.629,6026185.0
27824,HMSDIS,LH2,II,0.21978584196030493,2.197056386073021,8.581,58.28,58.052,51.48,79.89,46942.791,46759.362,41469.113,64352.743,-3.254,16.125,0.2814343418840856,-1.0,9.0,0.9993,5.327,1.0,0.04093670440064731,9.006304413089163,,70.671,16.866,13585277.0
27826,HMSDIS,Dummy,II,0.21978584196030493,2.197056386073021,8.581,48.453,48.258,42.56,65.95,40526.245,40363.092,35603.82,55165.685,-3.254,16.125,0.2814343418840856,-1.0,3.0,0.9995,5.327,1.0,0.04093670440064731,3.004475180804184,,21.672,5.427,4538916.0
27835,HMSDIS,LH2,II,0.31010338601052273,3.0999022434772523,8.581,57.865,57.607,50.78,78.78,44214.547,44017.574,38805.309,60199.577,-3.254,19.18,0.3347541505325124,-1.0,5.0,0.9994,5.327,1.0,0.05092712295626505,5.005454473772797,,23.031,6.765,5168911.0
27840,HMSDIS,Dummy,II,0.31010338601052273,3.0999022434772523,8.581,48.806,48.599,42.55,66.03,48453.342,48248.581,42246.124,65553.916,-3.254,19.18,0.3347541505325124,-1.0,1.0,0.9996,5.327,1.0,0.05092712295626505,1.0044985140011502,,7.757,2.082,2067077.0
27850,HMSDIS,LD2,II,0.31010338601052273,3.0999022434772523,8.581,28.338,28.163,24.83,38.54,26654.273,26489.602,23358.155,36255.93,-3.254,19.18,0.3347541505325124,-1.0,5.0,0.9995,5.327,1.0,0.05092712295626505,5.005905266206333,,26.599,6.148,5783130.0
27854,HMSDIS,Dummy,II,0.31010338601052273,3.0999022434772523,8.581,51.343,51.133,45.33,70.38,43816.553,43637.96,38692.726,60069.703,-3.254,19.18,0.3347541505325124,-1.0,2.0,0.9996,5.327,1.0,0.05092712295626505,2.0020616189479883,,8.176,2.191,1869466.0
27856,HMSDIS,LH2,II,0.31010338601052273,3.0999022434772523,8.581,50.662,50.418,44.51,68.98,41792.941,41591.526,36721.2,56911.897,-3.254,19.18,0.3347541505325124,-1.0,3.0,0.9995,5.327,1.0,0.05092712295626505,3.0048962831751753,,20.199,5.929,4890703.0
27857,HMSDIS,LH2,II,0.31010338601052273,3.0999022434772523,8.581,50.451,50.184,44.12,68.35,45947.615,45703.912,40186.544,62250.958,-3.254,19.18,0.3347541505325124,9.0,-1.0,0.9995,5.327,1.0,0.05092712295626505,9.013876682875754,,20.11,5.901,5374442.0
27865,HMSDIS,LH2,II,0.4399226101992977,4.397620754347058,8.581,59.495,59.32,52.21,80.87,49737.041,49590.753,43650.094,67607.146,-3.254,22.89,0.39950586578150205,-1.0,1.0,0.9996,5.327,1.0,0.061951222723062076,1.0034607152455244,,5.833,2.2,1839292.0
27870,HMSDIS,Dummy,II,0.4399226101992977,4.397620754347058,8.581,50.392,50.184,44.25,68.6,46689.182,46496.47,41002.916,63559.523,-3.254,22.89,0.39950586578150205,-1.0,1.0,0.9996,5.327,1.0,0.061951222723062076,1.001080895072675,,2.184,0.624,578050.0
27879,HMSDIS,LD2,II,0.4399226101992977,4.397620754347058,8.581,51.82,51.556,45.7,70.94,38856.7,38658.323,34269.809,53194.46,-3.254,22.89,0.39950586578150205,-1.0,2.0,0.9995,5.327,1.0,0.061951222723062076,2.0021817875047527,,11.657,3.384,2537226.0
27885,HMSDIS,Dummy,II,0.4399226101992977,4.397620754347058,8.581,50.302,50.017,44.22,68.64,47647.066,47377.741,41889.437,65017.971,-3.254,22.89,0.39950586578150205,-1.0,1.0,0.9996,5.327,1.0,0.061951222723062076,1.001080895072675,,2.179,0.623,590531.0
27894,HMSDIS,LH2,II,0.4399226101992977,4.397620754347058,8.581,57.673,57.47,50.91,79.0,47911.037,47742.665,42294.764,65633.325,-3.254,22.89,0.39950586578150205,-1.0,1.0,0.9996,5.327,1.0,0.061951222723062076,1.0037829084655545,,5.651,2.135,1773305.0
27895,HMSDIS,LH2,II,0.4399226101992977,4.397620754347058,8.581,57.407,57.218,50.69,78.66,48548.114,48388.666,42875.448,66526.88,-3.254,22.89,0.39950586578150205,3.0,-1.0,0.9996,5.327,1.0,0.061951222723062076,3.003242685218025,,5.621,2.119,1791695.0
27896,HMSDIS,Al,II,0.4399226101992977,4.397620754347058,8.581,49.395,49.159,43.54,67.59,41794.346,41594.874,36842.565,57193.854,-3.254,22.89,0.39950586578150205,-1.0,1.0,0.9997,5.327,1.0,0.061951222723062076,1.0006703380520874,,2.328,0.681,575900.0
27897,HMSDIS,Al,II,0.4399226101992977,4.397620754347058,8.581,50.199,49.924,44.23,68.66,45334.771,45086.996,39946.837,62011.022,-3.254,22.89,0.39950586578150205,-1.0,1.0,0.9997,5.327,1.0,0.061951222723062076,1.001080933154869,,2.364,0.69,623188.0
27903,HMSDIS,Cu,II,0.4399226101992977,4.397620754347058,8.581,60.785,60.58,53.81,83.51,35788.384,35667.899,31682.09,49173.17,-3.254,22.89,0.39950586578150205,-1.0,1.0,0.9995,5.327,1.0,0.061951222723062076,1.0067116610738884,,10.35,1.933,1137854.0
27904,HMSDIS,Cu,II,0.4399226101992977,4.397620754347058,8.581,57.272,57.042,50.68,78.66,30933.994,30809.583,27376.912,42488.533,-3.254,22.89,0.39950586578150205,-1.0,1.0,0.9996,5.327,1.0,0.061951222723062076,1.0055788913545012,,9.746,1.819,982300.0
27910,HMSDIS,C,II,0.4399226101992977,4.397620754347058,8.581,47.224,47.022,41.7,64.77,24094.969,23992.097,21276.415,33047.801,-3.254,22.89,0.39950586578150205,-1.0,1.0,0.9996,5.327,1.0,0.061951222723062076,1.0039843843160337,,7.643,1.976,1008000.0
27911,HMSDIS,C,II,0.4399226101992977,4.397620754347058,8.581,49.71,49.466,43.88,68.14,28486.582,28346.957,25148.032,39050.806,-3.254,22.89,0.39950586578150205,-1.0,1.0,0.9996,5.327,1.0,0.061951222723062076,1.00486174621723,,8.044,2.078,1190993.0
27939,HMSDIS,LH2,II,0.4399226101992977,4.397620754347058,8.581,55.412,55.142,48.86,75.83,55160.198,54891.739,48645.965,75490.044,-3.254,22.89,0.39950586578150205,-1.0,1.0,0.9996,5.327,1.0,0.061951222723062076,1.0029878687654403,,5.418,2.044,2034944.0
27943,HMSDIS,Dummy,II,0.4399226101992977,4.397620754347058,8.581,51.657,51.445,45.44,70.43,47294.75,47100.674,41604.294,64485.74,-3.254,22.89,0.39950586578150205,-1.0,1.0,0.9996,5.327,1.0,0.061951222723062076,1.0011810813074453,,2.231,0.637,583034.0
27959,HMSDIS,LD2,II,0.4399226101992977,4.397620754347058,8.581,71.516,71.444,62.67,84.6,41957.799,41915.294,36772.895,49634.881,-3.254,22.89,0.39950586578150205,-1.0,2.0,0.9995,5.327,1.0,0.061951222723062076,2.0031238114903047,,16.01,4.628,2715171.0
27969,HMSDIS,LH2,II,0.4399226101992977,4.397620754347058,8.581,68.637,68.493,60.35,91.11,57942.976,57821.141,50952.091,76918.171,-3.254,22.89,0.39950586578150205,-1.0,1.0,0.9996,5.327,1.0,0.061951222723062076,1.0060036001166754,,6.685,2.517,2124696.0
27970,HMSDIS,LH2,II,0.4399226101992977,4.397620754347058,8.581,68.703,68.553,60.41,91.37,58669.18,58541.531,51595.245,78029.871,-3.254,22.89,0.39950586578150205,3.0,-1.0,0.9996,5.327,1.0,0.061951222723062076,3.0042347572969463,,6.697,2.522,2153923.0
27975,HMSDIS,Dummy,II,0.4399226101992977,4.397620754347058,8.581,49.557,49.323,43.59,67.61,41987.937,41789.57,36937.573,57289.322,-3.254,22.89,0.39950586578150205,-1.0,1.0,0.9996,5.327,1.0,0.061951222723062076,1.0004001600640255,,2.141,0.611,517945.0
27995,HMSDIS,LD2,II,0.31010338601052273,3.0999022434772523,8.581,68.64,68.556,60.02,85.3,45846.226,45789.927,40091.605,56979.804,-3.254,19.18,0.3347541505325124,-1.0,9.0,0.9993,5.327,1.0,0.05092712295626505,9.006304413089163,,63.986,14.754,9854180.0
27996,HMSDIS,LD2,II,0.31010338601052273,3.0999022434772523,8.581,55.951,55.754,48.94,75.75,26197.988,26105.766,22918.066,35472.234,-3.254,19.18,0.3347541505325124,-1.0,5.0,0.9993,5.327,1.0,0.05092712295626505,5.0035024517162014,,52.408,12.098,5664825.0
27997,HMSDIS,LD2,II,0.31010338601052273,3.0999022434772523,8.581,34.716,34.537,30.24,46.91,15861.609,15779.887,13820.903,21434.787,-3.254,19.18,0.3347541505325124,-1.0,5.0,0.9994,5.327,1.0,0.05092712295626505,5.007207855679419,,32.424,7.491,3422472.0
27998,HMSDIS,LD2,II,0.31010338601052273,3.0999022434772523,8.581,15.148,15.084,13.22,20.53,9978.682,9936.567,8712.972,13525.26,-3.254,19.18,0.3347541505325124,-1.0,5.0,0.9996,5.327,1.0,0.05092712295626505,5.0031014826463105,,14.198,3.29,2167489.0
27999,HMSDIS,LD2,II,0.31010338601052273,3.0999022434772523,8.581,10.11,10.084,8.86,13.74,6249.053,6232.474,5475.974,8493.262,-3.254,19.18,0.3347541505325124,-1.0,5.0,0.9995,5.327,1.0,0.05092712295626505,5.002501250625312,,9.495,2.201,1360117.0
28000,HMSDIS,LH2,II,0.31010338601052273,3.0999022434772523,8.581,70.013,69.816,61.71,86.99,37797.49,37690.94,33315.177,46962.53,-3.254,19.18,0.3347541505325124,-1.0,5.0,0.9994,5.327,1.0,0.05092712295626505,5.008310610327595,,27.567,8.083,4363516.0
28001,HMSDIS,LH2,II,0.31010338601052273,3.0999022434772523,8.581,52.704,52.446,46.52,72.03,28363.036,28223.864,25039.678,38763.746,-3.254,19.18,0.3347541505325124,-1.0,5.0,0.9995,5.327,1.0,0.05092712295626505,5.005204060818154,,20.902,6.13,3298654.0
28002,HMSDIS,LH2,II,0.31010338601052273,3.0999022434772523,8.581,34.215,34.003,29.97,46.35,19774.355,19652.074,17323.965,26788.936,-3.254,19.18,0.3347541505325124,-1.0,5.0,0.9996,5.327,1.0,0.05092712295626505,5.003051441122764,,13.54,3.987,2304155.0
28003,HMSDIS,LH2,II,0.31010338601052273,3.0999022434772523,8.581,15.272,15.205,13.34,20.64,8036.637,8001.353,7022.877,10864.938,-3.254,19.18,0.3347541505325124,-1.0,1.0,0.9996,5.327,1.0,0.05092712295626505,1.0029577022046474,,6.078,1.793,943607.0
28004,HMSDIS,LH2,II,0.31010338601052273,3.0999022434772523,8.581,10.084,10.063,8.808,13.61,5554.171,5542.913,4851.764,7499.587,-3.254,19.18,0.3347541505325124,-1.0,1.0,0.9997,5.327,1.0,0.05092712295626505,1.0014317078568864,,4.026,1.191,655745.0
28005,HMSDIS,Dummy,II,0.31010338601052273,3.0999022434772523,8.581,35.682,35.497,31.12,48.17,25678.59,25544.98,22398.244,34669.172,-3.254,19.18,0.3347541505325124,-1.0,1.0,0.9995,5.327,1.0,0.05092712295626505,1.0015218023634733,,5.643,1.514,1089519.0
28006,HMSDIS,C,II,0.31010338601052273,3.0999022434772523,8.581,50.861,50.638,44.62,69.23,25015.121,24905.269,21948.909,34050.732,-3.254,19.18,0.3347541505325124,-1.0,3.0,0.9994,5.327,1.0,0.05092712295626505,3.0025216858529937,,31.316,7.237,3559276.0
28007,HMSDIS,C,II,0.31010338601052273,3.0999022434772523,8.581,35.7,35.517,31.26,48.5,20036.002,19933.323,17548.665,27224.249,-3.254,19.18,0.3347541505325124,-1.0,3.0,0.9995,5.327,1.0,0.05092712295626505,3.004625560958585,,21.859,5.06,2839786.0
28008,HMSDIS,C,II,0.31010338601052273,3.0999022434772523,8.581,15.301,15.249,13.42,20.82,13335.25,13290.228,11699.557,18149.871,-3.254,19.18,0.3347541505325124,-1.0,3.0,0.9996,5.327,1.0,0.05092712295626505,3.002221235412117,,9.375,2.18,1899741.0
28010,HMSDIS,C,II,0.31010338601052273,3.0999022434772523,8.581,10.147,10.123,8.864,13.73,9226.739,9204.465,8059.838,12489.262,-3.254,19.18,0.3347541505325124,-1.0,1.0,0.9996,5.327,1.0,0.05092712295626505,1.002284454839123,,6.233,1.449,1317884.0
28012,HMSDIS,C,II,0.31010338601052273,3.0999022434772523,8.581,5.089,5.114,4.48,6.942,6468.477,6501.074,5694.603,8824.462,-3.254,19.18,0.3347541505325124,-1.0,1.0,0.9996,5.327,1.0,0.05092712295626505,1.0012812875971109,,3.145,0.735,934174.0
28014,HMSDIS,Cu,II,0.31010338601052273,3.0999022434772523,8.581,71.289,71.188,62.9,88.53,47580.808,47513.621,41987.948,59093.197,-3.254,19.18,0.3347541505325124,-1.0,5.0,0.9993,5.327,1.0,0.05092712295626505,5.009313255092109,,43.051,8.133,5428004.0
28015,HMSDIS,Cu,II,0.31010338601052273,3.0999022434772523,8.581,55.894,55.698,49.36,76.38,41751.309,41604.756,36875.544,57053.575,-3.254,19.18,0.3347541505325124,-1.0,3.0,0.9994,5.327,1.0,0.05092712295626505,3.006732121327366,,33.694,6.385,4769276.0
28016,HMSDIS,Cu,II,0.31010338601052273,3.0999022434772523,8.581,35.576,35.397,31.13,48.13,30763.254,30609.077,26923.407,41621.393,-3.254,19.18,0.3347541505325124,-1.0,2.0,0.9995,5.327,1.0,0.05092712295626505,2.004187157831076,,21.289,4.047,3499902.0
28018,HMSDIS,Cu,II,0.31010338601052273,3.0999022434772523,8.581,15.158,15.094,13.2,20.41,13277.431,13220.875,11567.961,17884.475,-3.254,19.18,0.3347541505325124,-1.0,1.0,0.9996,5.327,1.0,0.05092712295626505,1.0036016493253734,,9.068,1.734,1518417.0
28019,HMSDIS,Cu,II,0.31010338601052273,3.0999022434772523,8.581,10.193,10.165,8.865,13.7,8963.776,8939.617,7796.23,12049.92,-3.254,19.18,0.3347541505325124,-1.0,1.0,0.9996,5.327,1.0,0.05092712295626505,1.0020535484189168,,6.11,1.171,1030118.0
28020,HMSDIS,Cu,II,0.31010338601052273,3.0999022434772523,8.581,5.08,5.1,4.448,6.892,9838.929,9877.672,8615.189,13346.952,-3.254,19.18,0.3347541505325124,-1.0,1.0,0.9996,5.327,1.0,0.05092712295626505,1.0010608602317785,,3.066,0.592,1147387.0
28029,HMSDIS,LH2,II,0.43973300295741236,4.3957253738352176,8.581,69.668,69.426,60.92,92.0,58562.786,58359.485,51213.985,77335.098,3.254,22.885,0.39941859931890233,-1.0,1.0,0.9895,5.327,1.0,0.061937368599488965,1.0110057121367784,,14.976,0.048,40356.0
28031,HMSDIS,Dummy,II,0.43973300295741236,4.3957253738352176,8.581,49.99,49.754,44.07,68.35,44450.596,44240.86,39191.288,60776.03,3.254,22.885,0.39941859931890233,-1.0,1.0,0.9821,5.327,1.0,0.061937368599488965,1.0182262498727217,,5.757,0.022,19355.0
28033,HMSDIS,C,II,0.43973300295741236,4.3957253738352176,8.581,50.79,50.575,44.36,68.71,45499.044,45306.654,39743.851,61557.16,3.254,22.885,0.39941859931890233,-1.0,1.0,0.9901,5.327,1.0,0.061937368599488965,1.0116277106151004,,21.468,0.058,51647.0
28037,HMSDIS,Cu,II,0.43973300295741236,4.3957253738352176,8.581,59.265,59.064,51.9,80.37,41620.123,41479.276,36453.344,56441.914,3.254,22.885,0.39941859931890233,-1.0,1.0,0.9898,5.327,1.0,0.061937368599488965,1.0138230782253093,,32.93,0.086,60136.0
28038,HMSDIS,Al,II,0.43973300295741236,4.3957253738352176,8.581,45.907,45.664,40.28,62.25,40797.911,40581.917,35799.663,55330.517,3.254,22.885,0.39941859931890233,-1.0,1.0,0.9862,5.327,1.0,0.061937368599488965,1.013993104846887,,5.722,0.022,19469.0
28040,HMSDIS,LD2,II,0.43973300295741236,4.3957253738352176,8.581,47.523,47.239,41.62,64.12,44563.977,44297.74,39029.555,60132.681,3.254,22.885,0.39941859931890233,-1.0,1.0,0.9872,5.327,1.0,0.061937368599488965,1.0142743782915944,,21.553,0.062,57974.0
28045,HMSDIS,LD2,II,0.3102635740397271,3.1015035392176733,8.581,26.734,26.598,23.3,35.94,31684.819,31523.404,27618.292,42599.06,3.254,19.185,0.3348414169951121,-1.0,1.0,0.9927,5.327,1.0,0.05094289649945131,1.1048331068994455,,48.67,0.205,242754.0
28049,HMSDIS,Dummy,II,0.3102635740397271,3.1015035392176733,8.581,45.634,45.442,40.27,62.33,36003.672,35851.982,31774.598,49177.79,3.254,19.185,0.3348414169951121,-1.0,1.0,0.9908,5.327,1.0,0.05094289649945131,1.0092854259184498,,15.825,0.067,52573.0
28052,HMSDIS,LH2,II,0.3102635740397271,3.1015035392176733,8.581,43.276,43.077,38.12,58.99,35960.597,35795.095,31677.214,49022.054,3.254,19.185,0.3348414169951121,-1.0,2.0,0.9928,5.327,1.0,0.05094289649945131,2.014645457091747,,38.76,0.167,138630.0
28061,HMSDIS,Dummy,II,0.21992126285411448,2.1984101008387142,8.581,49.975,49.717,43.93,68.01,26039.647,25905.234,22892.698,35437.577,3.254,16.13,0.2815216083466853,-1.0,2.0,0.9927,5.327,1.0,0.040953525712499744,2.0147073637554143,,43.198,0.189,98429.0
28063,HMSDIS,LH2,II,0.21992126285411448,2.1984101008387142,8.581,28.014,27.846,24.55,37.9,20784.481,20660.193,18219.821,28119.927,3.254,16.13,0.2815216083466853,-1.0,5.0,0.9925,5.327,1.0,0.040953525712499744,5.039900133370877,,74.517,0.345,255889.0
28064,HMSDIS,LH2,II,0.21992126285411448,2.1984101008387142,8.581,29.566,29.397,25.83,39.89,24842.577,24700.512,21711.156,33520.515,3.254,16.13,0.2815216083466853,-1.0,5.0,0.9934,5.327,1.0,0.040953525712499744,5.036593764852852,,78.632,0.364,305991.0
28068,HMSDIS,Dummy,II,0.15998320229261706,1.5992482187496342,8.581,45.964,45.748,40.6,62.73,40996.272,40804.185,36214.793,55955.143,3.254,13.745,0.23989550568662057,-1.0,1.0,0.9939,5.327,1.0,0.03283930113665509,1.6287393375434358,,76.98,0.374,333668.0
28073,HMSDIS,LH2,II,0.15998320229261706,1.5992482187496342,8.581,24.992,24.852,21.8,33.59,20476.42,20361.993,17866.883,27528.586,3.254,13.745,0.23989550568662057,-1.0,5.0,0.9938,5.327,1.0,0.03283930113665509,5.03119339907426,,143.216,0.726,595162.0
28074,HMSDIS,LH2,II,0.15998320229261706,1.5992482187496342,8.581,24.731,24.602,21.58,33.29,21199.136,21088.524,18503.626,28537.005,3.254,13.745,0.23989550568662057,-1.0,5.0,0.994,5.327,1.0,0.03283930113665509,5.030181086519114,,141.74,0.717,614671.0
28113,HMSDIS,LH2,II,0.3147423798287654,3.149819021116899,10.676,48.787,48.531,42.73,66.73,45084.377,44847.816,39492.02,61672.921,-5.343,13.495,0.23553218255663477,-1.0,9.0,0.9989,5.333,1.0,0.08788409833699336,9.00991090199219,,34.306,21.117,19514745.0
28114,HMSDIS,LH2,II,0.3147423798287654,3.149819021116899,10.676,48.717,48.435,42.51,66.4,43556.828,43304.634,38012.349,59370.863,-5.343,13.495,0.23553218255663477,17.0,-1.0,0.9988,5.333,1.0,0.08788409833699336,17.034733685707288,,34.269,21.101,18865945.0
28118,HMSDIS,Dummy,II,0.3147423798287654,3.149819021116899,10.676,44.327,44.109,38.97,61.04,36531.737,36352.336,32118.022,50306.269,-5.343,13.495,0.23553218255663477,-1.0,5.0,0.9992,5.333,1.0,0.08788409833699336,5.0056550687347325,,11.634,7.006,5773616.0
28122,HMSDIS,LD2,II,0.3147423798287654,3.149819021116899,10.676,30.53,30.338,26.63,41.68,27962.931,27787.456,24391.7,38183.675,-5.343,13.495,0.23553218255663477,-1.0,9.0,0.9987,5.333,1.0,0.08788409833699336,9.011715229798739,,43.034,24.786,22702173.0
28148,HMSDIS,LH2,II,0.3147423798287654,3.149819021116899,10.676,48.252,48.002,42.32,66.29,41355.041,41140.25,36277.866,56818.383,-5.343,13.495,0.23553218255663477,-1.0,9.0,0.999,5.333,1.0,0.08788409833699336,9.00900900900901,,33.882,20.889,17903054.0
28150,HMSDIS,Dummy,II,0.3147423798287654,3.149819021116899,10.676,47.863,47.638,42.12,65.91,41789.892,41592.85,36776.59,57552.524,-5.343,13.495,0.23553218255663477,-1.0,3.0,0.9993,5.333,1.0,0.08788409833699336,3.0060092830977476,,12.551,7.561,6601172.0
28163,HMSDIS,LH2,II,0.43996123847496166,4.402960536348875,10.676,66.379,66.162,58.43,88.12,61359.358,61158.733,54014.003,81457.572,-5.343,15.97,0.27872908154349446,-1.0,5.0,0.9993,5.333,1.0,0.10454713387332933,5.00821016927532,,14.473,9.409,8697632.0
28164,HMSDIS,LH2,II,0.43996123847496166,4.402960536348875,10.676,63.866,63.681,56.24,85.04,55658.317,55496.992,49016.405,74116.094,-5.343,15.97,0.27872908154349446,5.0,-1.0,0.9992,5.333,1.0,0.10454713387332933,5.009613970208684,,13.914,9.051,7888029.0
28170,HMSDIS,Dummy,II,0.43996123847496166,4.402960536348875,10.676,49.968,49.695,44.09,69.0,48771.005,48503.898,43042.805,67348.908,-5.343,15.97,0.27872908154349446,-1.0,1.0,0.9994,5.333,1.0,0.10454713387332933,1.0042054578096664,,3.934,2.425,2366639.0
28224,HMSDIS,LH2,II,0.43996123847496166,4.402960536348875,10.676,67.279,67.141,59.19,89.3,52140.258,52033.402,45871.275,69211.353,-5.343,15.97,0.27872908154349446,-1.0,5.0,0.9992,5.333,1.0,0.10454713387332933,5.008460732614076,,14.696,9.548,7399534.0
28225,HMSDIS,LH2,II,0.43996123847496166,4.402960536348875,10.676,67.429,67.295,59.47,89.62,55595.929,55485.41,49035.054,73897.858,-5.343,15.97,0.27872908154349446,9.0,-1.0,0.9992,5.333,1.0,0.10454713387332933,9.011441141948405,,14.708,9.557,7879714.0
28229,HMSDIS,Dummy,II,0.43996123847496166,4.402960536348875,10.676,49.893,49.647,43.8,68.61,44567.74,44347.97,39132.102,61293.305,-5.343,15.97,0.27872908154349446,-1.0,5.0,0.9994,5.333,1.0,0.10454713387332933,5.003101863117911,,3.925,2.416,2158561.0
28232,HMSDIS,C,II,0.43996123847496166,4.402960536348875,10.676,49.794,49.545,43.53,68.01,43390.875,43173.915,37938.313,59270.277,-5.343,15.97,0.27872908154349446,-1.0,5.0,0.9992,5.333,1.0,0.10454713387332933,5.00790937187211,,13.43,7.94,6919358.0
28236,HMSDIS,Cu,II,0.43996123847496166,4.402960536348875,10.676,64.262,64.103,56.78,87.53,57580.882,57438.336,50883.587,78429.776,-5.343,15.97,0.27872908154349446,-1.0,5.0,0.9991,5.333,1.0,0.10454713387332933,5.008611114762389,,15.78,7.747,6941516.0
28239,HMSDIS,Al,II,0.43996123847496166,4.402960536348875,10.676,49.717,49.497,43.87,68.66,60370.775,60103.929,53273.48,83383.132,-5.343,15.97,0.27872908154349446,-1.0,5.0,0.9994,5.333,1.0,0.10454713387332933,5.003001801080648,,4.123,2.591,3146763.0
28244,HMSDIS,LD2,II,0.43996123847496166,4.402960536348875,10.676,42.427,42.208,37.28,58.32,49154.465,48900.041,43200.631,67568.135,-5.343,15.97,0.27872908154349446,-1.0,5.0,0.9992,5.333,1.0,0.10454713387332933,5.00400320256205,,17.594,10.766,12473142.0
28247,HMSDIS,LD2,II,0.43996123847496166,4.402960536348875,10.676,65.548,65.312,57.69,85.86,48079.987,47907.266,42319.785,62984.054,-5.343,15.97,0.27872908154349446,-1.0,5.0,0.999,5.333,1.0,0.10454713387332933,5.005005005005005,,27.542,16.611,12184588.0
28251,HMSDIS,Dummy,II,0.43996123847496166,4.402960536348875,10.676,49.91,49.689,44.0,68.84,48262.016,48048.593,42552.753,66574.948,-5.343,15.97,0.27872908154349446,-1.0,1.0,0.9994,5.333,1.0,0.10454713387332933,1.0042155361462564,,3.929,2.423,2343280.0
28255,HMSDIS,C,II,0.43996123847496166,4.402960536348875,10.676,48.863,48.606,43.08,67.42,42260.927,42038.451,37266.748,58309.869,-5.343,15.97,0.27872908154349446,-1.0,3.0,0.9993,5.333,1.0,0.10454713387332933,3.006129684807363,,13.167,7.795,6741747.0
28259,HMSDIS,Cu,II,0.43996123847496166,4.402960536348875,10.676,69.591,69.349,61.43,92.19,61995.479,61780.629,54730.789,82134.317,-5.343,15.97,0.27872908154349446,-1.0,3.0,0.9992,5.333,1.0,0.10454713387332933,3.007123104811784,,17.136,8.391,7475642.0
28265,HMSDIS,LH2,II,0.43996123847496166,4.402960536348875,10.676,58.048,57.771,51.27,80.26,44457.134,44245.075,39268.07,61475.215,-5.343,15.97,0.27872908154349446,-1.0,1.0,0.9993,5.333,1.0,0.10454713387332933,1.585494154165727,,12.638,8.263,6328583.0
28266,HMSDIS,LH2,II,0.43996123847496166,4.402960536348875,10.676,55.862,55.602,49.38,77.24,59961.681,59681.982,53005.847,82908.879,-5.343,15.97,0.27872908154349446,5.0,-1.0,0.9992,5.333,1.0,0.10454713387332933,5.007658793481291,,12.169,7.961,8544730.0
28276,HMSDIS,LH2,II,0.43996123847496166,4.402960536348875,10.676,69.332,69.158,61.27,91.89,53449.247,53315.344,47234.487,70839.759,-5.343,15.97,0.27872908154349446,-1.0,5.0,0.9992,5.333,1.0,0.10454713387332933,5.00856099306574,,15.08,9.816,7567094.0
28277,HMSDIS,LH2,II,0.43996123847496166,4.402960536348875,10.676,70.312,70.145,62.06,93.5,9054.522,9033.054,7992.617,12041.558,-5.343,15.97,0.27872908154349446,5.0,-1.0,0.9992,5.333,1.0,0.10454713387332933,5.00400320256205,,15.306,9.963,1282941.0
28278,HMSDIS,LH2,II,0.43996123847496166,4.402960536348875,10.676,67.559,67.414,59.36,89.6,27622.417,27562.978,24271.72,36634.011,-5.343,15.97,0.27872908154349446,5.0,-1.0,0.9991,5.333,1.0,0.10454713387332933,5.010416344935306,,14.691,9.563,3909993.0
28284,HMSDIS,Dummy,II,0.43996123847496166,4.402960536348875,10.676,49.758,49.522,43.78,68.44,45582.08,45366.189,40113.681,62700.276,-5.343,15.97,0.27872908154349446,-1.0,3.0,0.9993,5.333,1.0,0.10454713387332933,3.002671978705675,,3.912,2.416,2213172.0
28343,HMSDIS,LH2,II,0.43996123847496166,4.402960536348875,10.676,66.597,66.405,58.59,87.71,58118.965,57951.089,51138.618,76544.095,-5.343,15.97,0.27872908154349446,-1.0,3.0,0.9992,5.333,1.0,0.10454713387332933,3.0074845704613096,,14.505,9.444,8241367.0
28344,HMSDIS,LH2,II,0.43996123847496166,4.402960536348875,10.676,69.932,69.712,61.26,92.07,57633.849,57452.353,50493.562,75881.222,-5.343,15.97,0.27872908154349446,5.0,-1.0,0.9992,5.333,1.0,0.10454713387332933,5.010617217288871,,15.237,9.915,8171566.0
28349,HMSDIS,Dummy,II,0.43996123847496166,4.402960536348875,10.676,51.3,51.038,45.25,70.77,24342.022,24217.712,21472.803,33580.695,-5.343,15.97,0.27872908154349446,-1.0,3.0,0.9994,5.333,1.0,0.10454713387332933,3.0018010806483892,,4.03,2.484,1178834.0
28350,HMSDIS,Dummy,II,0.43996123847496166,4.402960536348875,10.676,50.649,50.37,44.42,69.32,42707.223,42472.059,37461.708,58452.322,-5.343,15.97,0.27872908154349446,-1.0,3.0,0.9994,5.333,1.0,0.10454713387332933,3.0025216858529937,,3.984,2.458,2072358.0
28354,HMSDIS,LD2,II,0.43996123847496166,4.402960536348875,10.676,64.775,64.571,57.06,86.31,51579.73,51416.853,45438.214,68732.108,-5.343,15.97,0.27872908154349446,-1.0,9.0,0.999,5.333,1.0,0.10454713387332933,9.00900900900901,,27.153,16.411,13067667.0
28385,HMSDIS,LH2,II,0.43968757377939466,4.400221806775901,10.676,66.324,66.099,58.04,88.02,92166.23,91853.268,80661.44,122321.03,5.343,15.965,0.2786418150808947,-1.0,1.0,0.9988,5.333,1.0,0.10451578448133936,1.001331614840005,,6.945,0.315,437725.0
28386,HMSDIS,Dummy,II,0.43968757377939466,4.400221806775901,10.676,49.401,49.131,43.19,67.53,56136.961,55830.274,49089.152,76737.382,5.343,15.965,0.2786418150808947,-1.0,1.0,0.9988,5.333,1.0,0.10451578448133936,1.001201441730076,,2.4,0.11,125057.0
28387,HMSDIS,Dummy,II,0.43968757377939466,4.400221806775901,10.676,49.729,49.456,43.59,68.16,44702.109,44456.497,39185.935,61272.596,5.343,15.965,0.2786418150808947,-1.0,1.0,0.9989,5.333,1.0,0.10451578448133936,1.0011612810093262,,2.413,0.11,99160.0
28388,HMSDIS,C,II,0.43968757377939466,4.400221806775901,10.676,49.923,49.65,43.85,68.56,52159.668,51873.758,45815.523,71638.615,5.343,15.965,0.2786418150808947,-1.0,1.0,0.9988,5.333,1.0,0.10451578448133936,1.0017022928765142,,8.831,0.387,404015.0
28397,HMSDIS,Cu,II,0.43968757377939466,4.400221806775901,10.676,14.935,14.859,13.04,20.34,9452.349,9404.213,8254.287,12876.281,5.343,15.965,0.2786418150808947,-1.0,1.0,0.9986,5.333,1.0,0.10451578448133936,1.001401962747847,,3.31,0.14,88439.0
28398,HMSDIS,Cu,II,0.43968757377939466,4.400221806775901,10.676,13.748,13.693,12.0,18.72,20463.882,20381.394,17866.245,27875.26,5.343,15.965,0.2786418150808947,-1.0,1.0,0.9985,5.333,1.0,0.10451578448133936,1.0015022533800702,,3.042,0.129,191527.0
28399,HMSDIS,Cu,II,0.43968757377939466,4.400221806775901,10.676,25.541,25.425,22.33,34.85,20810.882,20716.52,18195.285,28400.921,5.343,15.965,0.2786418150808947,-1.0,1.0,0.9987,5.333,1.0,0.10451578448133936,1.0013016921998599,,5.773,0.232,188658.0
28400,HMSDIS,Cu,II,0.43968757377939466,4.400221806775901,10.676,40.232,40.007,35.11,54.84,3395.593,3376.524,2963.906,4628.463,5.343,15.965,0.2786418150808947,-1.0,1.0,0.9985,5.333,1.0,0.10451578448133936,1.0015022533800702,,9.113,0.36,30380.0
28402,HMSDIS,Al,II,0.43968757377939466,4.400221806775901,10.676,47.388,47.116,41.43,64.73,83622.509,83142.02,73120.52,114234.18,5.343,15.965,0.2786418150808947,-1.0,1.0,0.9989,5.333,1.0,0.10451578448133936,1.0011012113324658,,2.37,0.108,191377.0
28403,HMSDIS,LD2,II,0.43968757377939466,4.400221806775901,10.676,49.372,49.081,43.15,67.41,54022.225,53703.891,47221.666,73759.35,5.343,15.965,0.2786418150808947,-1.0,1.0,0.9986,5.333,1.0,0.10451578448133936,1.0038412970997994,,10.449,0.442,484111.0
28410,HMSDIS,LD2,II,0.3149745717176349,3.1521427070104475,10.676,32.555,32.334,28.34,44.27,33594.429,33366.443,29254.221,45691.641,5.343,13.5,0.23561944901923448,-1.0,3.0,0.9988,5.333,1.0,0.08791996681847834,3.005948965383227,,28.553,1.647,1699787.0
28411,HMSDIS,LD2,II,0.3149745717176349,3.1521427070104475,10.676,34.362,34.133,29.93,46.75,41639.174,41361.861,36270.941,56659.871,5.343,13.5,0.23561944901923448,-1.0,3.0,0.9986,5.333,1.0,0.08791996681847834,3.0042058882435407,,30.168,1.739,2106708.0
28412,HMSDIS,Dummy,II,0.3149745717176349,3.1521427070104475,10.676,44.782,44.552,39.21,61.26,41434.537,41222.28,36285.253,56681.515,5.343,13.5,0.23561944901923448,-1.0,1.0,0.9988,5.333,1.0,0.08791996681847834,1.0016722276770842,,7.338,0.405,374952.0
28413,HMSDIS,Dummy,II,0.3149745717176349,3.1521427070104475,10.676,49.521,49.285,43.38,67.79,62218.885,61922.309,54506.017,85178.807,5.343,13.5,0.23561944901923448,-1.0,1.0,0.9991,5.333,1.0,0.08791996681847834,1.0030473320201798,,8.11,0.447,561400.0
28415,HMSDIS,LH2,II,0.3149745717176349,3.1521427070104475,10.676,65.173,65.012,57.21,89.01,74769.861,74584.885,65639.212,102126.38,5.343,13.5,0.23561944901923448,-1.0,3.0,0.999,5.333,1.0,0.08791996681847834,3.006069193580455,,28.747,1.676,1922577.0
28416,HMSDIS,LH2,II,0.3149745717176349,3.1521427070104475,10.676,66.156,65.98,58.09,90.33,81824.766,81606.875,71850.513,111727.28,5.343,13.5,0.23561944901923448,-1.0,3.0,0.9989,5.333,1.0,0.08791996681847834,3.003303633997397,,29.196,1.704,2107717.0
28427,HMSDIS,LH2,II,0.24996341415049758,3.2994200195161842,10.676,69.959,69.783,61.63,91.91,57137.565,56993.666,50339.302,75071.039,-3.642,16.75,0.2923426497090502,-1.0,9.0,0.9993,7.034000000000001,1.0,0.030672918133367973,9.006304413089163,,48.314,9.885,8073568.0
28428,HMSDIS,LH2,II,0.24996341415049758,3.2994200195161842,10.676,68.045,67.886,59.94,89.2,53918.015,53792.647,47497.976,70683.908,-3.642,16.75,0.2923426497090502,17.0,-1.0,0.9993,7.034000000000001,1.0,0.030672918133367973,17.032006103036668,,47.004,9.622,7624556.0
28437,HMSDIS,Dummy,II,0.24996341415049758,3.2994200195161842,10.676,50.964,50.67,44.52,69.56,-999.0,-999.0,-999.0,-999.0,-3.642,16.75,0.2923426497090502,-1.0,1.0,0.9995,7.034000000000001,1.0,0.030672918133367973,1.0247667262015143,,13.894,2.727,28334.0
28443,HMSDIS,LD2,II,0.24996341415049758,3.2994200195161842,10.676,57.001,56.746,49.83,77.82,48155.27,47940.616,42097.099,65750.953,-3.642,16.75,0.2923426497090502,-1.0,9.0,0.9992,7.034000000000001,1.0,0.030672918133367973,9.00720576461169,,94.479,15.443,13046802.0
